dataset,model,horizon_min,scope,classification
SOLETE,Ridge,15,all,F3_lower
SOLETE,Ridge,15,daylight,F3_lower
SOLETE,Ridge,30,all,F3_lower
SOLETE,Ridge,30,daylight,F3_lower
SOLETE,Ridge,60,all,F3_lower
SOLETE,Ridge,60,daylight,F3_lower
SOLETE,LightGBM,15,all,F3_lower
SOLETE,LightGBM,15,daylight,F3_lower
SOLETE,LightGBM,30,all,F4_lower
SOLETE,LightGBM,30,daylight,F4_lower
SOLETE,LightGBM,60,all,crosses_zero
SOLETE,LightGBM,60,daylight,crosses_zero
SOLETE,LSTM,15,all,crosses_zero
SOLETE,LSTM,15,daylight,F4_lower
SOLETE,LSTM,30,all,F4_lower
SOLETE,LSTM,30,daylight,F3_lower
SOLETE,LSTM,60,all,crosses_zero
SOLETE,LSTM,60,daylight,crosses_zero
SOLETE,TCN,15,all,F4_lower
SOLETE,TCN,15,daylight,crosses_zero
SOLETE,TCN,30,all,F3_lower
SOLETE,TCN,30,daylight,crosses_zero
SOLETE,TCN,60,all,F4_lower
SOLETE,TCN,60,daylight,F4_lower
PVOD,Ridge,15,all,F3_lower
PVOD,Ridge,15,daylight,F3_lower
PVOD,Ridge,30,all,F3_lower
PVOD,Ridge,30,daylight,F3_lower
PVOD,Ridge,60,all,F3_lower
PVOD,Ridge,60,daylight,F3_lower
PVOD,LightGBM,15,all,crosses_zero
PVOD,LightGBM,15,daylight,crosses_zero
PVOD,LightGBM,30,all,crosses_zero
PVOD,LightGBM,30,daylight,crosses_zero
PVOD,LightGBM,60,all,crosses_zero
PVOD,LightGBM,60,daylight,crosses_zero
PVOD,LSTM,15,all,crosses_zero
PVOD,LSTM,15,daylight,crosses_zero
PVOD,LSTM,30,all,F4_lower
PVOD,LSTM,30,daylight,F4_lower
PVOD,LSTM,60,all,crosses_zero
PVOD,LSTM,60,daylight,F4_lower
PVOD,TCN,15,all,crosses_zero
PVOD,TCN,15,daylight,F4_lower
PVOD,TCN,30,all,F4_lower
PVOD,TCN,30,daylight,F4_lower
PVOD,TCN,60,all,F4_lower
PVOD,TCN,60,daylight,F4_lower
