artifact,sha256,size_bytes
figure_cross_dataset_primary_evidence.png,71e3932f758dcf52d7a3440f25492ee719862b4920c08f30d0e14b07c2722ebe,196734
figure_cross_dataset_primary_evidence.pdf,8c175c68d40b8bfe67aa920b0defbede0ded81a1f7ab1ceef597251a12748cf5,30392
figure_cross_dataset_primary_evidence.svg,cdee162b4d31811f897ed9e40da60b0de7d69486e5030e37ad24d621b739936a,85259
figure_cross_dataset_primary_evidence_data.csv,083331b3d11a0cd208653f37b2ef233b875efcbb6f6b8c15b9b7d0ea38c3700a,1579
figure_cross_dataset_alignment_null_evidence.png,ccc94ee2b6738f651a42953f827da31f567d28627bac2cdbf1f59446c4049903,189987
figure_cross_dataset_alignment_null_evidence.pdf,a2f02b6eeb831358a8d731bda1986cf6982a467cfd084531697f8ac01672ed61,27365
figure_cross_dataset_alignment_null_evidence.svg,8361fd5e5efc5c6fcc9490b16b4979c777493940cea432d27ce064e93470b6d1,76205
figure_cross_dataset_alignment_null_evidence_data.csv,e1c73b0d4e89aa3340fb3cfd969ac94bc77e87f102a524550a1d1b5cd2904523,248
figure_solete_component_nonadditivity.png,8bc5758ec990c612e609d49ea474bfc5bac0385c05274c8eb981496d51efd538,129889
figure_solete_component_nonadditivity.pdf,233202c6e6de2838bb134504329b827a907342e0ab3eecfa562b248ccca44787,21151
figure_solete_component_nonadditivity.svg,758ed6780a3ea09d0699111c71a5808b370cfcc611bb5402fca87eab6d1f23dd,51389
figure_solete_component_nonadditivity_data.csv,e399d4e32bed2c6e4dca0043f15bf78d748ee53a6584ede54aa6b606510faf22,340
table_primary_architecture_summary.csv,3a566d366f6bb25d1c00ecdc9c934921616ece337aba930cfae73c07d55a7dba,421
table_matched_cross_dataset_primary.csv,64f612c9408d4995f65a4c99b6d7c1068ec87f5aabae74091350d41e67eb1250,1218
table_mechanism_control_summary.csv,b2dfb840429b57499010f32461cfcbf11bba76fb4e19da101824059268f9e783,570
table_solete_component_nonadditivity.csv,5971bb6e742dc69c7835dee4387572d0599b18ba4a79f7138132648b5507feed,340
final_results_narrative.md,88fe2dfea4e14212298f6e7cf3349e484f37cb2f5bd2906c5ac1a6beedc603b4,2752
