model,horizon_min,scope,SOLETE,PVOD,same_classification,same_resolved_direction
LSTM,15,all,crosses_zero,crosses_zero,True,False
LSTM,15,daylight,F4_lower,crosses_zero,False,False
LSTM,30,all,F4_lower,F4_lower,True,True
LSTM,30,daylight,F3_lower,F4_lower,False,False
LSTM,60,all,crosses_zero,crosses_zero,True,False
LSTM,60,daylight,crosses_zero,F4_lower,False,False
LightGBM,15,all,F3_lower,crosses_zero,False,False
LightGBM,15,daylight,F3_lower,crosses_zero,False,False
LightGBM,30,all,F4_lower,crosses_zero,False,False
LightGBM,30,daylight,F4_lower,crosses_zero,False,False
LightGBM,60,all,crosses_zero,crosses_zero,True,False
LightGBM,60,daylight,crosses_zero,crosses_zero,True,False
Ridge,15,all,F3_lower,F3_lower,True,True
Ridge,15,daylight,F3_lower,F3_lower,True,True
Ridge,30,all,F3_lower,F3_lower,True,True
Ridge,30,daylight,F3_lower,F3_lower,True,True
Ridge,60,all,F3_lower,F3_lower,True,True
Ridge,60,daylight,F3_lower,F3_lower,True,True
TCN,15,all,F4_lower,crosses_zero,False,False
TCN,15,daylight,crosses_zero,F4_lower,False,False
TCN,30,all,F3_lower,F4_lower,False,False
TCN,30,daylight,crosses_zero,F4_lower,False,False
TCN,60,all,F4_lower,F4_lower,True,True
TCN,60,daylight,F4_lower,F4_lower,True,True
