model,horizon_minutes,variant,family,scope,n_rows,n_features,frozen_config,fit_predict_seconds,MAE_kW,RMSE_kW,nMAE_percent,nRMSE_percent,R2
Ridge,15,F3_plus_tithi,tithi,all,26496,177,alpha=0.01,0.34723641676828265,0.3213728294566921,0.5827690576375391,3.213728294566921,5.827690576375391,0.8753537047917896
Ridge,15,F3_plus_tithi,tithi,daylight,17851,177,alpha=0.01,0.34723641676828265,0.41571440359653067,0.7024944968105314,4.157144035965307,7.024944968105315,0.8346619841287268
Ridge,15,F3_plus_paksha,paksha,all,26496,149,alpha=0.01,0.10339812515303493,0.3186079943101868,0.5818979334418288,3.1860799431018685,5.818979334418288,0.8757260692735929
Ridge,15,F3_plus_paksha,paksha,daylight,17851,149,alpha=0.01,0.10339812515303493,0.4140233501620213,0.7019647397558909,4.140233501620213,7.019647397558908,0.8349112557028369
Ridge,15,F3_plus_karana,karana,all,26496,158,alpha=0.01,0.09570983378216624,0.3187009756710031,0.5818899186370423,3.187009756710031,5.818899186370423,0.8757294926383382
Ridge,15,F3_plus_karana,karana,daylight,17851,158,alpha=0.01,0.09570983378216624,0.4141880871774355,0.7019627471951096,4.141880871774355,7.019627471951097,0.8349121929262381
Ridge,15,F3_plus_nakshatra,nakshatra,all,26496,174,alpha=0.01,0.11149724991992116,0.3191859725425555,0.5820117586976357,3.1918597254255547,5.820117586976357,0.8756774459853965
Ridge,15,F3_plus_nakshatra,nakshatra,daylight,17851,174,alpha=0.01,0.11149724991992116,0.4142713184292901,0.7019661570941965,4.142713184292901,7.019661570941965,0.8349105890401853
Ridge,15,F3_plus_yoga,yoga,all,26496,174,alpha=0.01,0.10837916703894734,0.3264399234890313,0.584836508948564,3.2643992348903126,5.84836508948564,0.874467737165481
Ridge,15,F3_plus_yoga,yoga,daylight,17851,174,alpha=0.01,0.10837916703894734,0.41887587459195136,0.7039473984266094,4.188758745919514,7.039473984266094,0.8339773715563996
LightGBM,15,F3_plus_tithi,tithi,all,26496,177,"{""boosting_type"": ""gbdt"", ""colsample_bytree"": 0.8, ""deterministic"": true, ""force_col_wise"": true, ""learning_rate"": 0.03, ""max_depth"": -1, ""min_child_samples"": 20, ""n_estimators"": 300, ""n_jobs"": -1, ""num_leaves"": 15, ""objective"": ""regression"", ""random_state"": 42, ""reg_alpha"": 0.0, ""reg_lambda"": 1.0, ""subsample"": 0.8, ""subsample_freq"": 1, ""verbosity"": -1}",3.9504279172979295,0.2621526638080354,0.5613661309042199,2.621526638080354,5.613661309042199,0.884341163601833
LightGBM,15,F3_plus_tithi,tithi,daylight,17851,177,"{""boosting_type"": ""gbdt"", ""colsample_bytree"": 0.8, ""deterministic"": true, ""force_col_wise"": true, ""learning_rate"": 0.03, ""max_depth"": -1, ""min_child_samples"": 20, ""n_estimators"": 300, ""n_jobs"": -1, ""num_leaves"": 15, ""objective"": ""regression"", ""random_state"": 42, ""reg_alpha"": 0.0, ""reg_lambda"": 1.0, ""subsample"": 0.8, ""subsample_freq"": 1, ""verbosity"": -1}",3.9504279172979295,0.3869662965845455,0.6839041363076392,3.8696629658454555,6.839041363076393,0.843296993275567
LightGBM,15,F3_plus_paksha,paksha,all,26496,149,"{""boosting_type"": ""gbdt"", ""colsample_bytree"": 0.8, ""deterministic"": true, ""force_col_wise"": true, ""learning_rate"": 0.03, ""max_depth"": -1, ""min_child_samples"": 20, ""n_estimators"": 300, ""n_jobs"": -1, ""num_leaves"": 15, ""objective"": ""regression"", ""random_state"": 42, ""reg_alpha"": 0.0, ""reg_lambda"": 1.0, ""subsample"": 0.8, ""subsample_freq"": 1, ""verbosity"": -1}",3.303822375368327,0.2626140509595156,0.5612907120360051,2.626140509595156,5.612907120360051,0.8843722387668892
LightGBM,15,F3_plus_paksha,paksha,daylight,17851,149,"{""boosting_type"": ""gbdt"", ""colsample_bytree"": 0.8, ""deterministic"": true, ""force_col_wise"": true, ""learning_rate"": 0.03, ""max_depth"": -1, ""min_child_samples"": 20, ""n_estimators"": 300, ""n_jobs"": -1, ""num_leaves"": 15, ""objective"": ""regression"", ""random_state"": 42, ""reg_alpha"": 0.0, ""reg_lambda"": 1.0, ""subsample"": 0.8, ""subsample_freq"": 1, ""verbosity"": -1}",3.303822375368327,0.38748308157952394,0.6838112144226535,3.8748308157952396,6.838112144226535,0.8433395727798736
LightGBM,15,F3_plus_karana,karana,all,26496,158,"{""boosting_type"": ""gbdt"", ""colsample_bytree"": 0.8, ""deterministic"": true, ""force_col_wise"": true, ""learning_rate"": 0.03, ""max_depth"": -1, ""min_child_samples"": 20, ""n_estimators"": 300, ""n_jobs"": -1, ""num_leaves"": 15, ""objective"": ""regression"", ""random_state"": 42, ""reg_alpha"": 0.0, ""reg_lambda"": 1.0, ""subsample"": 0.8, ""subsample_freq"": 1, ""verbosity"": -1}",3.143064791802317,0.2614689345152985,0.5614505605495832,2.614689345152985,5.6145056054958316,0.8843063707337394
LightGBM,15,F3_plus_karana,karana,daylight,17851,158,"{""boosting_type"": ""gbdt"", ""colsample_bytree"": 0.8, ""deterministic"": true, ""force_col_wise"": true, ""learning_rate"": 0.03, ""max_depth"": -1, ""min_child_samples"": 20, ""n_estimators"": 300, ""n_jobs"": -1, ""num_leaves"": 15, ""objective"": ""regression"", ""random_state"": 42, ""reg_alpha"": 0.0, ""reg_lambda"": 1.0, ""subsample"": 0.8, ""subsample_freq"": 1, ""verbosity"": -1}",3.143064791802317,0.3860479547974849,0.6840083009482795,3.860479547974849,6.840083009482795,0.8432492551363222
LightGBM,15,F3_plus_nakshatra,nakshatra,all,26496,174,"{""boosting_type"": ""gbdt"", ""colsample_bytree"": 0.8, ""deterministic"": true, ""force_col_wise"": true, ""learning_rate"": 0.03, ""max_depth"": -1, ""min_child_samples"": 20, ""n_estimators"": 300, ""n_jobs"": -1, ""num_leaves"": 15, ""objective"": ""regression"", ""random_state"": 42, ""reg_alpha"": 0.0, ""reg_lambda"": 1.0, ""subsample"": 0.8, ""subsample_freq"": 1, ""verbosity"": -1}",3.4599191662855446,0.2613409805588369,0.5614680434748793,2.613409805588369,5.614680434748793,0.8842991654882146
LightGBM,15,F3_plus_nakshatra,nakshatra,daylight,17851,174,"{""boosting_type"": ""gbdt"", ""colsample_bytree"": 0.8, ""deterministic"": true, ""force_col_wise"": true, ""learning_rate"": 0.03, ""max_depth"": -1, ""min_child_samples"": 20, ""n_estimators"": 300, ""n_jobs"": -1, ""num_leaves"": 15, ""objective"": ""regression"", ""random_state"": 42, ""reg_alpha"": 0.0, ""reg_lambda"": 1.0, ""subsample"": 0.8, ""subsample_freq"": 1, ""verbosity"": -1}",3.4599191662855446,0.38551933433544666,0.6840273767568004,3.855193343354467,6.8402737675680045,0.8432405120000609
LightGBM,15,F3_plus_yoga,yoga,all,26496,174,"{""boosting_type"": ""gbdt"", ""colsample_bytree"": 0.8, ""deterministic"": true, ""force_col_wise"": true, ""learning_rate"": 0.03, ""max_depth"": -1, ""min_child_samples"": 20, ""n_estimators"": 300, ""n_jobs"": -1, ""num_leaves"": 15, ""objective"": ""regression"", ""random_state"": 42, ""reg_alpha"": 0.0, ""reg_lambda"": 1.0, ""subsample"": 0.8, ""subsample_freq"": 1, ""verbosity"": -1}",3.440022499766201,0.26098242278239925,0.5610052023845502,2.6098242278239927,5.610052023845502,0.8844898407326476
LightGBM,15,F3_plus_yoga,yoga,daylight,17851,174,"{""boosting_type"": ""gbdt"", ""colsample_bytree"": 0.8, ""deterministic"": true, ""force_col_wise"": true, ""learning_rate"": 0.03, ""max_depth"": -1, ""min_child_samples"": 20, ""n_estimators"": 300, ""n_jobs"": -1, ""num_leaves"": 15, ""objective"": ""regression"", ""random_state"": 42, ""reg_alpha"": 0.0, ""reg_lambda"": 1.0, ""subsample"": 0.8, ""subsample_freq"": 1, ""verbosity"": -1}",3.440022499766201,0.385036081277924,0.6834626650528673,3.8503608127792397,6.834626650528674,0.8434992366631019
Ridge,30,F3_plus_tithi,tithi,all,26496,177,alpha=0.01,0.2255425420589745,0.40662693671577743,0.6671176257423543,4.0662693671577745,6.671176257423544,0.8366604947535936
Ridge,30,F3_plus_tithi,tithi,daylight,17851,177,alpha=0.01,0.2255425420589745,0.49949045654533897,0.7943982071511376,4.99490456545339,7.9439820715113765,0.7885715726425053
Ridge,30,F3_plus_paksha,paksha,all,26496,149,alpha=0.01,0.10103462496772408,0.40179871808591644,0.664989838122359,4.017987180859164,6.649898381223591,0.8377007836063467
Ridge,30,F3_plus_paksha,paksha,daylight,17851,149,alpha=0.01,0.10103462496772408,0.49647094908084244,0.7931309845989314,4.964709490808424,7.931309845989314,0.7892455751029588
Ridge,30,F3_plus_karana,karana,all,26496,158,alpha=0.01,0.13789766700938344,0.40187266269315514,0.6649763234238756,4.018726626931551,6.6497632342387565,0.837707380406957
Ridge,30,F3_plus_karana,karana,daylight,17851,158,alpha=0.01,0.13789766700938344,0.49663534892993777,0.7931327377855301,4.966353489299378,7.931327377855301,0.7892446433722639
Ridge,30,F3_plus_nakshatra,nakshatra,all,26496,174,alpha=0.01,0.12597608286887407,0.40297015795457797,0.6653099838187138,4.02970157954578,6.653099838187137,0.8375444747424737
Ridge,30,F3_plus_nakshatra,nakshatra,daylight,17851,174,alpha=0.01,0.12597608286887407,0.49707512614851723,0.7931707106216929,4.970751261485172,7.931707106216929,0.7892244622100806
Ridge,30,F3_plus_yoga,yoga,all,26496,174,alpha=0.01,0.11874725017696619,0.4157390571319413,0.672076788574595,4.157390571319413,6.72076788574595,0.8342230296707049
Ridge,30,F3_plus_yoga,yoga,daylight,17851,174,alpha=0.01,0.11874725017696619,0.5056175857362969,0.7978708397193489,5.056175857362969,7.978708397193489,0.7867190558415823
LightGBM,30,F3_plus_tithi,tithi,all,26496,177,"{""boosting_type"": ""gbdt"", ""colsample_bytree"": 0.8, ""deterministic"": true, ""force_col_wise"": true, ""learning_rate"": 0.03, ""max_depth"": -1, ""min_child_samples"": 20, ""n_estimators"": 300, ""n_jobs"": -1, ""num_leaves"": 15, ""objective"": ""regression"", ""random_state"": 42, ""reg_alpha"": 0.0, ""reg_lambda"": 1.0, ""subsample"": 0.8, ""subsample_freq"": 1, ""verbosity"": -1}",3.610646250192076,0.3014600242328426,0.6234488184180023,3.0146002423284264,6.234488184180022,0.8573446650622991
LightGBM,30,F3_plus_tithi,tithi,daylight,17851,177,"{""boosting_type"": ""gbdt"", ""colsample_bytree"": 0.8, ""deterministic"": true, ""force_col_wise"": true, ""learning_rate"": 0.03, ""max_depth"": -1, ""min_child_samples"": 20, ""n_estimators"": 300, ""n_jobs"": -1, ""num_leaves"": 15, ""objective"": ""regression"", ""random_state"": 42, ""reg_alpha"": 0.0, ""reg_lambda"": 1.0, ""subsample"": 0.8, ""subsample_freq"": 1, ""verbosity"": -1}",3.610646250192076,0.4447065055525331,0.759537474147735,4.44706505552533,7.59537474147735,0.8067207281737739
LightGBM,30,F3_plus_paksha,paksha,all,26496,149,"{""boosting_type"": ""gbdt"", ""colsample_bytree"": 0.8, ""deterministic"": true, ""force_col_wise"": true, ""learning_rate"": 0.03, ""max_depth"": -1, ""min_child_samples"": 20, ""n_estimators"": 300, ""n_jobs"": -1, ""num_leaves"": 15, ""objective"": ""regression"", ""random_state"": 42, ""reg_alpha"": 0.0, ""reg_lambda"": 1.0, ""subsample"": 0.8, ""subsample_freq"": 1, ""verbosity"": -1}",3.5225250413641334,0.3016342050411078,0.6223679133904496,3.016342050411078,6.223679133904496,0.8578388939218315
LightGBM,30,F3_plus_paksha,paksha,daylight,17851,149,"{""boosting_type"": ""gbdt"", ""colsample_bytree"": 0.8, ""deterministic"": true, ""force_col_wise"": true, ""learning_rate"": 0.03, ""max_depth"": -1, ""min_child_samples"": 20, ""n_estimators"": 300, ""n_jobs"": -1, ""num_leaves"": 15, ""objective"": ""regression"", ""random_state"": 42, ""reg_alpha"": 0.0, ""reg_lambda"": 1.0, ""subsample"": 0.8, ""subsample_freq"": 1, ""verbosity"": -1}",3.5225250413641334,0.44494082132235224,0.7582213672949221,4.449408213223522,7.58221367294922,0.807389966478891
LightGBM,30,F3_plus_karana,karana,all,26496,158,"{""boosting_type"": ""gbdt"", ""colsample_bytree"": 0.8, ""deterministic"": true, ""force_col_wise"": true, ""learning_rate"": 0.03, ""max_depth"": -1, ""min_child_samples"": 20, ""n_estimators"": 300, ""n_jobs"": -1, ""num_leaves"": 15, ""objective"": ""regression"", ""random_state"": 42, ""reg_alpha"": 0.0, ""reg_lambda"": 1.0, ""subsample"": 0.8, ""subsample_freq"": 1, ""verbosity"": -1}",3.420715792104602,0.3011411753050737,0.6221659190245111,3.011411753050737,6.221659190245111,0.8579311579409316
LightGBM,30,F3_plus_karana,karana,daylight,17851,158,"{""boosting_type"": ""gbdt"", ""colsample_bytree"": 0.8, ""deterministic"": true, ""force_col_wise"": true, ""learning_rate"": 0.03, ""max_depth"": -1, ""min_child_samples"": 20, ""n_estimators"": 300, ""n_jobs"": -1, ""num_leaves"": 15, ""objective"": ""regression"", ""random_state"": 42, ""reg_alpha"": 0.0, ""reg_lambda"": 1.0, ""subsample"": 0.8, ""subsample_freq"": 1, ""verbosity"": -1}",3.420715792104602,0.4445240547545548,0.7579774694361993,4.445240547545548,7.579774694361992,0.8075138606901912
LightGBM,30,F3_plus_nakshatra,nakshatra,all,26496,174,"{""boosting_type"": ""gbdt"", ""colsample_bytree"": 0.8, ""deterministic"": true, ""force_col_wise"": true, ""learning_rate"": 0.03, ""max_depth"": -1, ""min_child_samples"": 20, ""n_estimators"": 300, ""n_jobs"": -1, ""num_leaves"": 15, ""objective"": ""regression"", ""random_state"": 42, ""reg_alpha"": 0.0, ""reg_lambda"": 1.0, ""subsample"": 0.8, ""subsample_freq"": 1, ""verbosity"": -1}",3.1101753748953342,0.3021869602570374,0.6240768906288509,3.0218696025703737,6.240768906288508,0.8570570937970963
LightGBM,30,F3_plus_nakshatra,nakshatra,daylight,17851,174,"{""boosting_type"": ""gbdt"", ""colsample_bytree"": 0.8, ""deterministic"": true, ""force_col_wise"": true, ""learning_rate"": 0.03, ""max_depth"": -1, ""min_child_samples"": 20, ""n_estimators"": 300, ""n_jobs"": -1, ""num_leaves"": 15, ""objective"": ""regression"", ""random_state"": 42, ""reg_alpha"": 0.0, ""reg_lambda"": 1.0, ""subsample"": 0.8, ""subsample_freq"": 1, ""verbosity"": -1}",3.1101753748953342,0.4460786043914132,0.7603062890646127,4.460786043914132,7.603062890646127,0.8063292499442536
LightGBM,30,F3_plus_yoga,yoga,all,26496,174,"{""boosting_type"": ""gbdt"", ""colsample_bytree"": 0.8, ""deterministic"": true, ""force_col_wise"": true, ""learning_rate"": 0.03, ""max_depth"": -1, ""min_child_samples"": 20, ""n_estimators"": 300, ""n_jobs"": -1, ""num_leaves"": 15, ""objective"": ""regression"", ""random_state"": 42, ""reg_alpha"": 0.0, ""reg_lambda"": 1.0, ""subsample"": 0.8, ""subsample_freq"": 1, ""verbosity"": -1}",3.217484457883984,0.30170510540407497,0.6236494215167954,3.01705105404075,6.236494215167953,0.8572528477218138
LightGBM,30,F3_plus_yoga,yoga,daylight,17851,174,"{""boosting_type"": ""gbdt"", ""colsample_bytree"": 0.8, ""deterministic"": true, ""force_col_wise"": true, ""learning_rate"": 0.03, ""max_depth"": -1, ""min_child_samples"": 20, ""n_estimators"": 300, ""n_jobs"": -1, ""num_leaves"": 15, ""objective"": ""regression"", ""random_state"": 42, ""reg_alpha"": 0.0, ""reg_lambda"": 1.0, ""subsample"": 0.8, ""subsample_freq"": 1, ""verbosity"": -1}",3.217484457883984,0.44522243086066876,0.7597844976285941,4.452224308606688,7.597844976285941,0.8065949877486425
Ridge,60,F3_plus_tithi,tithi,all,26496,177,alpha=0.01,0.21569608384743333,0.5366288997718265,0.783119384233082,5.366288997718265,7.831193842330821,0.7749171770120549
Ridge,60,F3_plus_tithi,tithi,daylight,17851,177,alpha=0.01,0.21569608384743333,0.6151615716173416,0.9078731293629343,6.151615716173416,9.078731293629343,0.7238549940904025
Ridge,60,F3_plus_paksha,paksha,all,26496,149,alpha=0.01,0.10311825014650822,0.5277444265345589,0.7778093180944123,5.277444265345588,7.778093180944123,0.777959248406444
Ridge,60,F3_plus_paksha,paksha,daylight,17851,149,alpha=0.01,0.10311825014650822,0.6094213731233195,0.9047672695691615,6.094213731233195,9.047672695691615,0.7257411620816503
Ridge,60,F3_plus_karana,karana,all,26496,158,alpha=0.01,0.0950861657038331,0.527760585065185,0.7777892545861739,5.27760585065185,7.777892545861739,0.7779707032936206
Ridge,60,F3_plus_karana,karana,daylight,17851,158,alpha=0.01,0.0950861657038331,0.6094517005442454,0.9047742080184369,6.094517005442453,9.047742080184369,0.7257369556113329
Ridge,60,F3_plus_nakshatra,nakshatra,all,26496,174,alpha=0.01,0.10880629206076264,0.5300231944847758,0.7786765695722455,5.3002319448477575,7.786765695722456,0.7774638248628404
Ridge,60,F3_plus_nakshatra,nakshatra,daylight,17851,174,alpha=0.01,0.10880629206076264,0.6107311383254073,0.9049298594983434,6.107311383254073,9.049298594983433,0.7256425826277262
Ridge,60,F3_plus_yoga,yoga,all,26496,174,alpha=0.01,0.10720258299261332,0.5534178203377895,0.7955517726249256,5.534178203377896,7.955517726249257,0.7677138579981744
Ridge,60,F3_plus_yoga,yoga,daylight,17851,174,alpha=0.01,0.10720258299261332,0.6276534334919285,0.9169623248225679,6.276534334919285,9.16962324822568,0.7182980500708289
LightGBM,60,F3_plus_tithi,tithi,all,26496,177,"{""boosting_type"": ""gbdt"", ""colsample_bytree"": 0.8, ""deterministic"": true, ""force_col_wise"": true, ""learning_rate"": 0.03, ""max_depth"": -1, ""min_child_samples"": 20, ""n_estimators"": 300, ""n_jobs"": -1, ""num_leaves"": 15, ""objective"": ""regression"", ""random_state"": 42, ""reg_alpha"": 0.0, ""reg_lambda"": 1.0, ""subsample"": 0.8, ""subsample_freq"": 1, ""verbosity"": -1}",3.2455309997312725,0.34335758119773657,0.6849544851204525,3.4335758119773656,6.849544851204525,0.8278092439145575
LightGBM,60,F3_plus_tithi,tithi,daylight,17851,177,"{""boosting_type"": ""gbdt"", ""colsample_bytree"": 0.8, ""deterministic"": true, ""force_col_wise"": true, ""learning_rate"": 0.03, ""max_depth"": -1, ""min_child_samples"": 20, ""n_estimators"": 300, ""n_jobs"": -1, ""num_leaves"": 15, ""objective"": ""regression"", ""random_state"": 42, ""reg_alpha"": 0.0, ""reg_lambda"": 1.0, ""subsample"": 0.8, ""subsample_freq"": 1, ""verbosity"": -1}",3.2455309997312725,0.5067622928960561,0.8344703384968323,5.067622928960562,8.344703384968323,0.7667032562910909
LightGBM,60,F3_plus_paksha,paksha,all,26496,149,"{""boosting_type"": ""gbdt"", ""colsample_bytree"": 0.8, ""deterministic"": true, ""force_col_wise"": true, ""learning_rate"": 0.03, ""max_depth"": -1, ""min_child_samples"": 20, ""n_estimators"": 300, ""n_jobs"": -1, ""num_leaves"": 15, ""objective"": ""regression"", ""random_state"": 42, ""reg_alpha"": 0.0, ""reg_lambda"": 1.0, ""subsample"": 0.8, ""subsample_freq"": 1, ""verbosity"": -1}",3.399836165830493,0.3437333034981441,0.6837301320994633,3.437333034981441,6.837301320994634,0.8284242741247384
LightGBM,60,F3_plus_paksha,paksha,daylight,17851,149,"{""boosting_type"": ""gbdt"", ""colsample_bytree"": 0.8, ""deterministic"": true, ""force_col_wise"": true, ""learning_rate"": 0.03, ""max_depth"": -1, ""min_child_samples"": 20, ""n_estimators"": 300, ""n_jobs"": -1, ""num_leaves"": 15, ""objective"": ""regression"", ""random_state"": 42, ""reg_alpha"": 0.0, ""reg_lambda"": 1.0, ""subsample"": 0.8, ""subsample_freq"": 1, ""verbosity"": -1}",3.399836165830493,0.5071120241823626,0.8329734749230558,5.071120241823626,8.329734749230559,0.7675394758039877
LightGBM,60,F3_plus_karana,karana,all,26496,158,"{""boosting_type"": ""gbdt"", ""colsample_bytree"": 0.8, ""deterministic"": true, ""force_col_wise"": true, ""learning_rate"": 0.03, ""max_depth"": -1, ""min_child_samples"": 20, ""n_estimators"": 300, ""n_jobs"": -1, ""num_leaves"": 15, ""objective"": ""regression"", ""random_state"": 42, ""reg_alpha"": 0.0, ""reg_lambda"": 1.0, ""subsample"": 0.8, ""subsample_freq"": 1, ""verbosity"": -1}",3.133822249714285,0.34696620206155093,0.6867718888396732,3.4696620206155098,6.867718888396732,0.8268942771757811
LightGBM,60,F3_plus_karana,karana,daylight,17851,158,"{""boosting_type"": ""gbdt"", ""colsample_bytree"": 0.8, ""deterministic"": true, ""force_col_wise"": true, ""learning_rate"": 0.03, ""max_depth"": -1, ""min_child_samples"": 20, ""n_estimators"": 300, ""n_jobs"": -1, ""num_leaves"": 15, ""objective"": ""regression"", ""random_state"": 42, ""reg_alpha"": 0.0, ""reg_lambda"": 1.0, ""subsample"": 0.8, ""subsample_freq"": 1, ""verbosity"": -1}",3.133822249714285,0.5112661360996332,0.8366716803659526,5.1126613609963325,8.366716803659525,0.7654707540382341
LightGBM,60,F3_plus_nakshatra,nakshatra,all,26496,174,"{""boosting_type"": ""gbdt"", ""colsample_bytree"": 0.8, ""deterministic"": true, ""force_col_wise"": true, ""learning_rate"": 0.03, ""max_depth"": -1, ""min_child_samples"": 20, ""n_estimators"": 300, ""n_jobs"": -1, ""num_leaves"": 15, ""objective"": ""regression"", ""random_state"": 42, ""reg_alpha"": 0.0, ""reg_lambda"": 1.0, ""subsample"": 0.8, ""subsample_freq"": 1, ""verbosity"": -1}",3.2520082499831915,0.3433584658251507,0.6850071889345974,3.4335846582515073,6.850071889345974,0.8277827444640233
LightGBM,60,F3_plus_nakshatra,nakshatra,daylight,17851,174,"{""boosting_type"": ""gbdt"", ""colsample_bytree"": 0.8, ""deterministic"": true, ""force_col_wise"": true, ""learning_rate"": 0.03, ""max_depth"": -1, ""min_child_samples"": 20, ""n_estimators"": 300, ""n_jobs"": -1, ""num_leaves"": 15, ""objective"": ""regression"", ""random_state"": 42, ""reg_alpha"": 0.0, ""reg_lambda"": 1.0, ""subsample"": 0.8, ""subsample_freq"": 1, ""verbosity"": -1}",3.2520082499831915,0.5067702835489761,0.834535195609956,5.0677028354897615,8.34535195609956,0.7666669900738086
LightGBM,60,F3_plus_yoga,yoga,all,26496,174,"{""boosting_type"": ""gbdt"", ""colsample_bytree"": 0.8, ""deterministic"": true, ""force_col_wise"": true, ""learning_rate"": 0.03, ""max_depth"": -1, ""min_child_samples"": 20, ""n_estimators"": 300, ""n_jobs"": -1, ""num_leaves"": 15, ""objective"": ""regression"", ""random_state"": 42, ""reg_alpha"": 0.0, ""reg_lambda"": 1.0, ""subsample"": 0.8, ""subsample_freq"": 1, ""verbosity"": -1}",3.11875458387658,0.3442845460523904,0.6849963586433486,3.442845460523904,6.8499635864334865,0.8277881900953132
LightGBM,60,F3_plus_yoga,yoga,daylight,17851,174,"{""boosting_type"": ""gbdt"", ""colsample_bytree"": 0.8, ""deterministic"": true, ""force_col_wise"": true, ""learning_rate"": 0.03, ""max_depth"": -1, ""min_child_samples"": 20, ""n_estimators"": 300, ""n_jobs"": -1, ""num_leaves"": 15, ""objective"": ""regression"", ""random_state"": 42, ""reg_alpha"": 0.0, ""reg_lambda"": 1.0, ""subsample"": 0.8, ""subsample_freq"": 1, ""verbosity"": -1}",3.11875458387658,0.507914349983075,0.834519995555839,5.079143499830751,8.345199955558389,0.7666754897562609
