model,horizon_minutes,scope,F3_delta_kW,F3_ci_low_kW,F3_ci_high_kW,F3_evidence,reference_delta_kW,reference_ci_low_kW,reference_ci_high_kW,reference_evidence,shift_mean_delta_kW,shift_F4_real_lower_count,shift_comparator_lower_count,shift_unresolved_count,perm_mean_delta_kW,perm_F4_real_lower_count,perm_comparator_lower_count,perm_unresolved_count
Ridge,15,all,-0.0109445967305711,-0.0148390281944305,-0.0070352628890539,comparator_lower_MAE,3.4282282568298683e-09,-6.514216747965927e-09,1.3618287177108444e-08,CI_crosses_zero,0.0047827022366505,2,0,1,-0.0105928591977819,0,3,0
Ridge,15,daylight,-0.0070497467532308,-0.0098054217791922,-0.0043207945839745,comparator_lower_MAE,-4.91905699506745e-09,-1.5185194907063604e-08,4.949271910359429e-09,CI_crosses_zero,0.0032593434766372,2,0,1,-0.0067226232846731996,0,3,0
Ridge,30,all,-0.0192180153212602,-0.0264242011574828,-0.0122803668707911,comparator_lower_MAE,2.9645836896463607e-09,-1.176502993638362e-08,1.738538806389522e-08,CI_crosses_zero,0.0079534439669701,1,0,2,-0.018795519587908167,0,3,0
Ridge,30,daylight,-0.012940974412561,-0.0180068725029639,-0.0080081787659351,comparator_lower_MAE,-1.0274372796992282e-08,-2.5371478511171387e-08,4.180456900093604e-09,CI_crosses_zero,0.0055579682004509995,1,0,2,-0.012452424067585066,0,3,0
Ridge,60,all,-0.0352999682729665,-0.0481679432391193,-0.0224206276236897,comparator_lower_MAE,2.491854056430043e-09,-1.646807415434104e-08,2.1435383290580022e-08,CI_crosses_zero,0.013823919429326134,1,0,2,-0.0350791909102674,0,3,0
Ridge,60,daylight,-0.0253687737371325,-0.0352594440270922,-0.0155726144537206,comparator_lower_MAE,-1.597469034830823e-08,-3.641257081410387e-08,3.834390940871119e-09,CI_crosses_zero,0.009493906667856334,1,0,2,-0.02504028050492647,0,3,0
LightGBM,15,all,-0.0011350183825157,-0.0020605350828178,-0.000278263629347,comparator_lower_MAE,0.0006011631221323754,-0.00020414499090420227,0.0014339759097299117,CI_crosses_zero,0.00041876107944196665,1,0,2,-0.0002835030748671333,0,0,3
LightGBM,15,daylight,-0.0017993112658628,-0.0031810644158102,-0.0005218316350379,comparator_lower_MAE,0.0008527253877173568,-0.0003453151111191335,0.0020540613508595183,CI_crosses_zero,0.0004324198356994331,1,0,2,-0.00046545364271693334,0,0,3
LightGBM,30,all,0.0017687210633934,0.0005290430968258,0.0031583202634683,F4_real_lower_MAE,0.0014205009830638993,0.0003850983225634416,0.0024932847844351194,F4_real_lower_MAE,0.0013013515121638112,2,0,1,0.0006941544897229333,0,0,3
LightGBM,30,daylight,0.0025647389768509,0.0007218993252854,0.0046496154651231,F4_real_lower_MAE,0.0017484669103974282,0.0002047871782703631,0.003366157648353546,F4_real_lower_MAE,0.0017976813438981144,2,0,1,0.0010213487851531333,0,0,3
LightGBM,60,all,0.0002264032797462,-0.0018885413674166,0.002544174466707,CI_crosses_zero,-0.0017219250344189807,-0.0033936766696152075,-0.0001031215154210577,comparator_lower_MAE,0.0011885530309904667,0,0,3,0.0031513524585121,3,0,0
LightGBM,60,daylight,0.0012401758493659,-0.0019865827876828,0.0047968875008806,CI_crosses_zero,-0.0012838273187164573,-0.0037644335923472673,0.0010569244072466714,CI_crosses_zero,0.0020254407028281,0,0,3,0.004901436101252966,3,0,0
LSTM,15,all,-0.0019475748006003157,-0.009221737498773308,0.005539174579777403,CI_crosses_zero,-0.03381476146872903,-0.03982958686431424,-0.027990661619371505,comparator_lower_MAE,-0.01055771926851895,1,2,0,-0.02466623965056199,0,3,0
LSTM,15,daylight,0.011381389136885245,0.001519693830603465,0.02154440997660922,F4_real_lower_MAE,-0.02785216409198349,-0.03467912509833491,-0.021068198074656524,comparator_lower_MAE,-0.007146756896849034,1,1,1,-0.019871735524032336,0,3,0
LSTM,30,all,0.014905732043025699,0.009769920839833636,0.019979632486186706,F4_real_lower_MAE,-0.00414934213751883,-0.0077283227638723405,-0.0005747898048556109,comparator_lower_MAE,-0.0008716108202600678,0,1,2,0.0037849592260587963,1,0,2
LSTM,30,daylight,-0.006208201847101247,-0.011576592119727037,-0.0010221158804568243,comparator_lower_MAE,-0.015570261860095691,-0.02019429589433174,-0.011117415700663434,comparator_lower_MAE,-0.013995379320355031,0,3,0,-0.011413927397550316,0,3,0
LSTM,60,all,-0.0011796390483601038,-0.009381233358726638,0.007294889164867762,CI_crosses_zero,0.038556070336589365,0.027196402479204893,0.05066441562076335,F4_real_lower_MAE,0.01831431273135072,2,0,1,0.017746431103630816,1,0,2
LSTM,60,daylight,0.0025756933280629557,-0.00882451066945301,0.014131115021710161,CI_crosses_zero,0.036883267659589936,0.02107330203284609,0.054105081613042616,F4_real_lower_MAE,0.014821843838758545,2,0,1,0.03618765217786309,3,0,0
TCN,15,all,0.03096969288799184,0.010855241659674223,0.050991404369047096,F4_real_lower_MAE,-0.10261731415604075,-0.12004640089227257,-0.0862238378005117,comparator_lower_MAE,0.03130811337428637,1,1,1,-0.0013446021969446182,1,1,1
TCN,15,daylight,-0.00750147222806119,-0.031139134769441513,0.015825385457233297,CI_crosses_zero,-0.12457767029552208,-0.14874656445497805,-0.1019640348052015,comparator_lower_MAE,0.010169452855745498,1,2,0,-0.03364280712020388,0,1,2
TCN,30,all,-0.059151802066579995,-0.08933922480810448,-0.029782950799498702,comparator_lower_MAE,0.1619296755755344,0.12099273976986219,0.20319257113113318,F4_real_lower_MAE,-0.11882036180453741,0,3,0,-0.11837720059840269,0,3,0
TCN,30,daylight,-0.0016146681783797412,-0.030651133648249472,0.02641595272701837,CI_crosses_zero,0.05203510312592796,0.022660106360483052,0.0813910618323339,F4_real_lower_MAE,-0.08165423597591448,0,3,0,-0.052563199640235626,1,2,0
TCN,60,all,0.08538874613240555,0.0447080296640585,0.12983185440199804,F4_real_lower_MAE,0.22268560631025103,0.16399465352566425,0.28513758653165483,F4_real_lower_MAE,-0.01971231395360577,0,1,2,-0.0765281015884222,0,3,0
TCN,60,daylight,0.03363708783468411,0.0009315322922597443,0.07027666175362532,F4_real_lower_MAE,0.30931489709532134,0.23738909956987447,0.3844199561801965,F4_real_lower_MAE,-0.00922240505313047,0,1,2,-0.05877147084921427,0,3,0
