model,horizon_minutes,variant,scope,n_rows,n_features,frozen_config,fit_predict_seconds,MAE_kW,RMSE_kW,nMAE_percent,nRMSE_percent,R2
Ridge,15,F3,all,26496,147,alpha=0.01,0.2335223751142621,0.3185212589665754,0.581856607889731,3.185212589665754,5.818566078897311,0.8757437201574984
Ridge,15,F3,daylight,17851,147,alpha=0.01,0.2335223751142621,0.4140160892265771,0.7019516021070159,4.140160892265771,7.019516021070158,0.8349174350948693
Ridge,15,F4_real,all,26496,244,alpha=0.01,0.3559490842744708,0.3294658556971466,0.5860357774135572,3.2946585569714655,5.860357774135571,0.8739523752210019
Ridge,15,F4_real,daylight,17851,244,alpha=0.01,0.3559490842744708,0.42106583597980796,0.7047350398833758,4.21065835979808,7.047350398833759,0.8336056407653372
Ridge,15,F4_reference,all,26496,239,alpha=0.01,0.306493875104934,0.32946585912537485,0.5860357755601052,3.2946585912537487,5.860357755601052,0.8739523760183021
Ridge,15,F4_reference,daylight,17851,239,alpha=0.01,0.306493875104934,0.42106583106075096,0.7047350364218121,4.21065831060751,7.047350364218121,0.8336056423999506
Ridge,15,F4_shift_17d,all,26496,244,alpha=0.01,0.3173789167776704,0.3350080882529072,0.5878961531577521,3.3500808825290718,5.878961531577522,0.8731508263820908
Ridge,15,F4_shift_17d,daylight,17851,244,alpha=0.01,0.3173789167776704,0.4246798496500241,0.7059503378396518,4.246798496500241,7.059503378396518,0.8330312601149451
Ridge,15,F4_shift_37d,all,26496,244,alpha=0.01,0.3165938751772046,0.3310335454689148,0.5860078213264784,3.310335454689148,5.860078213264784,0.873964400815551
Ridge,15,F4_shift_37d,daylight,17851,244,alpha=0.01,0.3165938751772046,0.4218690484722118,0.7045098135829079,4.218690484722118,7.045098135829079,0.8337119797304481
Ridge,15,F4_shift_61d,all,26496,244,alpha=0.01,0.3146983329206705,0.33670404007956956,0.587814489745355,3.3670404007956956,5.87814489745355,0.8731860646358293
Ridge,15,F4_shift_61d,daylight,17851,244,alpha=0.01,0.3146983329206705,0.4264266402470997,0.7055388930496861,4.264266402470997,7.055388930496861,0.8332258301714737
Ridge,15,F4_perm_1301,all,26496,244,alpha=0.01,0.31984245916828513,0.3189672346538669,0.5821629613568869,3.1896723465386687,5.821629613568869,0.8756128413025056
Ridge,15,F4_perm_1301,daylight,17851,244,alpha=0.01,0.31984245916828513,0.4143477481940598,0.7021901826619201,4.143477481940598,7.021901826619201,0.8348051989149763
Ridge,15,F4_perm_1302,all,26496,244,alpha=0.01,0.3191642500460148,0.31901655789722105,0.5820018212255694,3.1901655789722105,5.820018212255695,0.8756816914025792
Ridge,15,F4_perm_1302,daylight,17851,244,alpha=0.01,0.3191642500460148,0.4143921246993296,0.7020391976194763,4.143921246993296,7.020391976194763,0.8348762317011323
Ridge,15,F4_perm_1303,all,26496,244,alpha=0.01,0.3198777916841209,0.3186351969470059,0.5822081574361337,3.186351969470059,5.822081574361337,0.8755935270194648
Ridge,15,F4_perm_1303,daylight,17851,244,alpha=0.01,0.3198777916841209,0.41428976519201466,0.7023382325509814,4.142897651920146,7.0233823255098145,0.8347355321755529
LightGBM,15,F3,all,26496,147,"{""boosting_type"": ""gbdt"", ""colsample_bytree"": 0.8, ""deterministic"": true, ""force_col_wise"": true, ""learning_rate"": 0.03, ""max_depth"": -1, ""min_child_samples"": 20, ""n_estimators"": 300, ""n_jobs"": -1, ""num_leaves"": 15, ""objective"": ""regression"", ""random_state"": 42, ""reg_alpha"": 0.0, ""reg_lambda"": 1.0, ""subsample"": 0.8, ""subsample_freq"": 1, ""verbosity"": -1}",6.620181083213538,0.2609217941877137,0.5607202552834156,2.6092179418771373,5.607202552834156,0.8846071513242209
LightGBM,15,F3,daylight,17851,147,"{""boosting_type"": ""gbdt"", ""colsample_bytree"": 0.8, ""deterministic"": true, ""force_col_wise"": true, ""learning_rate"": 0.03, ""max_depth"": -1, ""min_child_samples"": 20, ""n_estimators"": 300, ""n_jobs"": -1, ""num_leaves"": 15, ""objective"": ""regression"", ""random_state"": 42, ""reg_alpha"": 0.0, ""reg_lambda"": 1.0, ""subsample"": 0.8, ""subsample_freq"": 1, ""verbosity"": -1}",6.620181083213538,0.38513357384341096,0.6831169195717547,3.85133573843411,6.831169195717547,0.8436575357135793
LightGBM,15,F4_real,all,26496,244,"{""boosting_type"": ""gbdt"", ""colsample_bytree"": 0.8, ""deterministic"": true, ""force_col_wise"": true, ""learning_rate"": 0.03, ""max_depth"": -1, ""min_child_samples"": 20, ""n_estimators"": 300, ""n_jobs"": -1, ""num_leaves"": 15, ""objective"": ""regression"", ""random_state"": 42, ""reg_alpha"": 0.0, ""reg_lambda"": 1.0, ""subsample"": 0.8, ""subsample_freq"": 1, ""verbosity"": -1}",6.56735683279112,0.2620568125702295,0.5617121516079719,2.620568125702295,5.617121516079719,0.8841985376618539
LightGBM,15,F4_real,daylight,17851,244,"{""boosting_type"": ""gbdt"", ""colsample_bytree"": 0.8, ""deterministic"": true, ""force_col_wise"": true, ""learning_rate"": 0.03, ""max_depth"": -1, ""min_child_samples"": 20, ""n_estimators"": 300, ""n_jobs"": -1, ""num_leaves"": 15, ""objective"": ""regression"", ""random_state"": 42, ""reg_alpha"": 0.0, ""reg_lambda"": 1.0, ""subsample"": 0.8, ""subsample_freq"": 1, ""verbosity"": -1}",6.56735683279112,0.38693288510927376,0.6843269376480088,3.8693288510927375,6.843269376480087,0.8431031803783428
LightGBM,15,F4_reference,all,26496,239,"{""boosting_type"": ""gbdt"", ""colsample_bytree"": 0.8, ""deterministic"": true, ""force_col_wise"": true, ""learning_rate"": 0.03, ""max_depth"": -1, ""min_child_samples"": 20, ""n_estimators"": 300, ""n_jobs"": -1, ""num_leaves"": 15, ""objective"": ""regression"", ""random_state"": 42, ""reg_alpha"": 0.0, ""reg_lambda"": 1.0, ""subsample"": 0.8, ""subsample_freq"": 1, ""verbosity"": -1}",6.798587624914944,0.2626579756923619,0.5613889396512833,2.626579756923619,5.613889396512834,0.8843317647920634
LightGBM,15,F4_reference,daylight,17851,239,"{""boosting_type"": ""gbdt"", ""colsample_bytree"": 0.8, ""deterministic"": true, ""force_col_wise"": true, ""learning_rate"": 0.03, ""max_depth"": -1, ""min_child_samples"": 20, ""n_estimators"": 300, ""n_jobs"": -1, ""num_leaves"": 15, ""objective"": ""regression"", ""random_state"": 42, ""reg_alpha"": 0.0, ""reg_lambda"": 1.0, ""subsample"": 0.8, ""subsample_freq"": 1, ""verbosity"": -1}",6.798587624914944,0.3877856104969911,0.6839329975433746,3.8778561049699114,6.839329975433745,0.8432837670422202
LightGBM,15,F4_shift_17d,all,26496,244,"{""boosting_type"": ""gbdt"", ""colsample_bytree"": 0.8, ""deterministic"": true, ""force_col_wise"": true, ""learning_rate"": 0.03, ""max_depth"": -1, ""min_child_samples"": 20, ""n_estimators"": 300, ""n_jobs"": -1, ""num_leaves"": 15, ""objective"": ""regression"", ""random_state"": 42, ""reg_alpha"": 0.0, ""reg_lambda"": 1.0, ""subsample"": 0.8, ""subsample_freq"": 1, ""verbosity"": -1}",6.476267875172198,0.2621685135158821,0.5609898871761118,2.6216851351588213,5.609898871761118,0.8844961474050672
LightGBM,15,F4_shift_17d,daylight,17851,244,"{""boosting_type"": ""gbdt"", ""colsample_bytree"": 0.8, ""deterministic"": true, ""force_col_wise"": true, ""learning_rate"": 0.03, ""max_depth"": -1, ""min_child_samples"": 20, ""n_estimators"": 300, ""n_jobs"": -1, ""num_leaves"": 15, ""objective"": ""regression"", ""random_state"": 42, ""reg_alpha"": 0.0, ""reg_lambda"": 1.0, ""subsample"": 0.8, ""subsample_freq"": 1, ""verbosity"": -1}",6.476267875172198,0.38694060179926526,0.683444453637076,3.8694060179926524,6.834444536370759,0.8435075767309561
LightGBM,15,F4_shift_37d,all,26496,244,"{""boosting_type"": ""gbdt"", ""colsample_bytree"": 0.8, ""deterministic"": true, ""force_col_wise"": true, ""learning_rate"": 0.03, ""max_depth"": -1, ""min_child_samples"": 20, ""n_estimators"": 300, ""n_jobs"": -1, ""num_leaves"": 15, ""objective"": ""regression"", ""random_state"": 42, ""reg_alpha"": 0.0, ""reg_lambda"": 1.0, ""subsample"": 0.8, ""subsample_freq"": 1, ""verbosity"": -1}",6.525559000205249,0.2622883008250879,0.561020301998605,2.6228830082508794,5.61020301998605,0.8844836226716057
LightGBM,15,F4_shift_37d,daylight,17851,244,"{""boosting_type"": ""gbdt"", ""colsample_bytree"": 0.8, ""deterministic"": true, ""force_col_wise"": true, ""learning_rate"": 0.03, ""max_depth"": -1, ""min_child_samples"": 20, ""n_estimators"": 300, ""n_jobs"": -1, ""num_leaves"": 15, ""objective"": ""regression"", ""random_state"": 42, ""reg_alpha"": 0.0, ""reg_lambda"": 1.0, ""subsample"": 0.8, ""subsample_freq"": 1, ""verbosity"": -1}",6.525559000205249,0.38710401833724256,0.6834824293528091,3.8710401833724255,6.834824293528091,0.8434901851876981
LightGBM,15,F4_shift_61d,all,26496,244,"{""boosting_type"": ""gbdt"", ""colsample_bytree"": 0.8, ""deterministic"": true, ""force_col_wise"": true, ""learning_rate"": 0.03, ""max_depth"": -1, ""min_child_samples"": 20, ""n_estimators"": 300, ""n_jobs"": -1, ""num_leaves"": 15, ""objective"": ""regression"", ""random_state"": 42, ""reg_alpha"": 0.0, ""reg_lambda"": 1.0, ""subsample"": 0.8, ""subsample_freq"": 1, ""verbosity"": -1}",6.503815041854978,0.2629699066080445,0.56144188935083,2.6296990660804447,5.614418893508299,0.8843099443153778
LightGBM,15,F4_shift_61d,daylight,17851,244,"{""boosting_type"": ""gbdt"", ""colsample_bytree"": 0.8, ""deterministic"": true, ""force_col_wise"": true, ""learning_rate"": 0.03, ""max_depth"": -1, ""min_child_samples"": 20, ""n_estimators"": 300, ""n_jobs"": -1, ""num_leaves"": 15, ""objective"": ""regression"", ""random_state"": 42, ""reg_alpha"": 0.0, ""reg_lambda"": 1.0, ""subsample"": 0.8, ""subsample_freq"": 1, ""verbosity"": -1}",6.503815041854978,0.38805129469841176,0.6839960850663688,3.8805129469841178,6.839960850663688,0.84325485399086
LightGBM,15,F4_perm_1301,all,26496,244,"{""boosting_type"": ""gbdt"", ""colsample_bytree"": 0.8, ""deterministic"": true, ""force_col_wise"": true, ""learning_rate"": 0.03, ""max_depth"": -1, ""min_child_samples"": 20, ""n_estimators"": 300, ""n_jobs"": -1, ""num_leaves"": 15, ""objective"": ""regression"", ""random_state"": 42, ""reg_alpha"": 0.0, ""reg_lambda"": 1.0, ""subsample"": 0.8, ""subsample_freq"": 1, ""verbosity"": -1}",6.4618302918970585,0.2617110765580387,0.5612717705746557,2.6171107655803874,5.612717705746557,0.8843800426438054
LightGBM,15,F4_perm_1301,daylight,17851,244,"{""boosting_type"": ""gbdt"", ""colsample_bytree"": 0.8, ""deterministic"": true, ""force_col_wise"": true, ""learning_rate"": 0.03, ""max_depth"": -1, ""min_child_samples"": 20, ""n_estimators"": 300, ""n_jobs"": -1, ""num_leaves"": 15, ""objective"": ""regression"", ""random_state"": 42, ""reg_alpha"": 0.0, ""reg_lambda"": 1.0, ""subsample"": 0.8, ""subsample_freq"": 1, ""verbosity"": -1}",6.4618302918970585,0.3863102629918997,0.6837889978910884,3.863102629918997,6.8378899789108845,0.8433497521823585
LightGBM,15,F4_perm_1302,all,26496,244,"{""boosting_type"": ""gbdt"", ""colsample_bytree"": 0.8, ""deterministic"": true, ""force_col_wise"": true, ""learning_rate"": 0.03, ""max_depth"": -1, ""min_child_samples"": 20, ""n_estimators"": 300, ""n_jobs"": -1, ""num_leaves"": 15, ""objective"": ""regression"", ""random_state"": 42, ""reg_alpha"": 0.0, ""reg_lambda"": 1.0, ""subsample"": 0.8, ""subsample_freq"": 1, ""verbosity"": -1}",6.420789750292897,0.26181902623045267,0.5612701739526134,2.618190262304527,5.612701739526133,0.8843807004396169
LightGBM,15,F4_perm_1302,daylight,17851,244,"{""boosting_type"": ""gbdt"", ""colsample_bytree"": 0.8, ""deterministic"": true, ""force_col_wise"": true, ""learning_rate"": 0.03, ""max_depth"": -1, ""min_child_samples"": 20, ""n_estimators"": 300, ""n_jobs"": -1, ""num_leaves"": 15, ""objective"": ""regression"", ""random_state"": 42, ""reg_alpha"": 0.0, ""reg_lambda"": 1.0, ""subsample"": 0.8, ""subsample_freq"": 1, ""verbosity"": -1}",6.420789750292897,0.38651844139890107,0.6837881036845266,3.865184413989011,6.837881036845266,0.8433501618923374
LightGBM,15,F4_perm_1303,all,26496,244,"{""boosting_type"": ""gbdt"", ""colsample_bytree"": 0.8, ""deterministic"": true, ""force_col_wise"": true, ""learning_rate"": 0.03, ""max_depth"": -1, ""min_child_samples"": 20, ""n_estimators"": 300, ""n_jobs"": -1, ""num_leaves"": 15, ""objective"": ""regression"", ""random_state"": 42, ""reg_alpha"": 0.0, ""reg_lambda"": 1.0, ""subsample"": 0.8, ""subsample_freq"": 1, ""verbosity"": -1}",6.51482595782727,0.2617898256975955,0.561320704578341,2.617898256975955,5.61320704578341,0.8843598813089621
LightGBM,15,F4_perm_1303,daylight,17851,244,"{""boosting_type"": ""gbdt"", ""colsample_bytree"": 0.8, ""deterministic"": true, ""force_col_wise"": true, ""learning_rate"": 0.03, ""max_depth"": -1, ""min_child_samples"": 20, ""n_estimators"": 300, ""n_jobs"": -1, ""num_leaves"": 15, ""objective"": ""regression"", ""random_state"": 42, ""reg_alpha"": 0.0, ""reg_lambda"": 1.0, ""subsample"": 0.8, ""subsample_freq"": 1, ""verbosity"": -1}",6.51482595782727,0.38657359000886954,0.6838501988645508,3.8657359000886955,6.8385019886455085,0.8433217096817421
Ridge,30,F3,all,26496,147,alpha=0.01,0.18364962516352534,0.401662962441053,0.6648936042573922,4.0166296244105295,6.648936042573922,0.8377477544015447
Ridge,30,F3,daylight,17851,147,alpha=0.01,0.18364962516352534,0.49643449408247464,0.7930977526781703,4.964344940824747,7.930977526781703,0.7892632358116093
Ridge,30,F4_real,all,26496,244,alpha=0.01,0.2973360000178218,0.4208809777623132,0.6749436233941574,4.208809777623133,6.749436233941573,0.8328057248873832
Ridge,30,F4_real,daylight,17851,244,alpha=0.01,0.2973360000178218,0.5093754684950357,0.7997378166717938,5.0937546849503565,7.997378166717938,0.7857197550522316
Ridge,30,F4_reference,all,26496,239,alpha=0.01,0.24923070799559355,0.4208809807268969,0.674943618447075,4.208809807268969,6.74943618447075,0.8328057273383254
Ridge,30,F4_reference,daylight,17851,239,alpha=0.01,0.24923070799559355,0.5093754582206629,0.7997378079667437,5.093754582206629,7.9973780796674365,0.785719759717061
Ridge,30,F4_shift_17d,all,26496,244,alpha=0.01,0.29437058325856924,0.431241046962655,0.6796483960449528,4.31241046962655,6.796483960449528,0.8304667069094173
Ridge,30,F4_shift_17d,daylight,17851,244,alpha=0.01,0.29437058325856924,0.5166141749205159,0.8027523844715256,5.166141749205158,8.027523844715256,0.7841012751634175
Ridge,30,F4_shift_37d,all,26496,244,alpha=0.01,0.3239574581384659,0.4235945292309519,0.6747649102139716,4.235945292309519,6.747649102139715,0.8328942533622179
Ridge,30,F4_shift_37d,daylight,17851,244,alpha=0.01,0.3239574581384659,0.5108268427089228,0.7990889616036093,5.108268427089227,7.9908896160360925,0.7860673200100141
Ridge,30,F4_shift_61d,all,26496,244,alpha=0.01,0.2939150417223573,0.4316676889942432,0.678396912004416,4.316676889942432,6.783969120044159,0.8310904790592722
Ridge,30,F4_shift_61d,daylight,17851,244,alpha=0.01,0.2939150417223573,0.5173592924570216,0.8010160297459363,5.173592924570216,8.010160297459363,0.7850342436573811
Ridge,30,F4_perm_1301,all,26496,244,alpha=0.01,0.3137664161622524,0.4021685955563473,0.6653135400711073,4.021685955563473,6.653135400711074,0.8375427380049869
Ridge,30,F4_perm_1301,daylight,17851,244,alpha=0.01,0.3137664161622524,0.49698106890201194,0.7934488758495503,4.96981068902012,7.934488758495503,0.789076598186446
Ridge,30,F4_perm_1302,all,26496,244,alpha=0.01,0.35547245806083083,0.40214993740885113,0.6651248831499427,4.021499374088512,6.651248831499427,0.8376348580044705
Ridge,30,F4_perm_1302,daylight,17851,244,alpha=0.01,0.35547245806083083,0.4969130029269277,0.7932589708125097,4.969130029269277,7.932589708125097,0.7891775514405162
Ridge,30,F4_perm_1303,all,26496,244,alpha=0.01,0.2799998330883682,0.4019378415580165,0.6652483590775395,4.0193784155801655,6.652483590775395,0.837574568432
Ridge,30,F4_perm_1303,daylight,17851,244,alpha=0.01,0.2799998330883682,0.496875061453412,0.7934589464264348,4.96875061453412,7.934589464264347,0.7890712440070422
LightGBM,30,F3,all,26496,147,"{""boosting_type"": ""gbdt"", ""colsample_bytree"": 0.8, ""deterministic"": true, ""force_col_wise"": true, ""learning_rate"": 0.03, ""max_depth"": -1, ""min_child_samples"": 20, ""n_estimators"": 300, ""n_jobs"": -1, ""num_leaves"": 15, ""objective"": ""regression"", ""random_state"": 42, ""reg_alpha"": 0.0, ""reg_lambda"": 1.0, ""subsample"": 0.8, ""subsample_freq"": 1, ""verbosity"": -1}",6.197422917000949,0.3024148005029716,0.6226672314804286,3.024148005029716,6.2266723148042855,0.8577021207301647
LightGBM,30,F3,daylight,17851,147,"{""boosting_type"": ""gbdt"", ""colsample_bytree"": 0.8, ""deterministic"": true, ""force_col_wise"": true, ""learning_rate"": 0.03, ""max_depth"": -1, ""min_child_samples"": 20, ""n_estimators"": 300, ""n_jobs"": -1, ""num_leaves"": 15, ""objective"": ""regression"", ""random_state"": 42, ""reg_alpha"": 0.0, ""reg_lambda"": 1.0, ""subsample"": 0.8, ""subsample_freq"": 1, ""verbosity"": -1}",6.197422917000949,0.44623999243918566,0.7585875945185107,4.462399924391857,7.585875945185107,0.8072038570487803
LightGBM,30,F4_real,all,26496,244,"{""boosting_type"": ""gbdt"", ""colsample_bytree"": 0.8, ""deterministic"": true, ""force_col_wise"": true, ""learning_rate"": 0.03, ""max_depth"": -1, ""min_child_samples"": 20, ""n_estimators"": 300, ""n_jobs"": -1, ""num_leaves"": 15, ""objective"": ""regression"", ""random_state"": 42, ""reg_alpha"": 0.0, ""reg_lambda"": 1.0, ""subsample"": 0.8, ""subsample_freq"": 1, ""verbosity"": -1}",7.05674095870927,0.30064607943957816,0.6221994866270503,3.0064607943957817,6.221994866270503,0.8579158274995632
LightGBM,30,F4_real,daylight,17851,244,"{""boosting_type"": ""gbdt"", ""colsample_bytree"": 0.8, ""deterministic"": true, ""force_col_wise"": true, ""learning_rate"": 0.03, ""max_depth"": -1, ""min_child_samples"": 20, ""n_estimators"": 300, ""n_jobs"": -1, ""num_leaves"": 15, ""objective"": ""regression"", ""random_state"": 42, ""reg_alpha"": 0.0, ""reg_lambda"": 1.0, ""subsample"": 0.8, ""subsample_freq"": 1, ""verbosity"": -1}",7.05674095870927,0.4436752534623347,0.7580179261697907,4.436752534623347,7.580179261697907,0.8074933124058536
LightGBM,30,F4_reference,all,26496,239,"{""boosting_type"": ""gbdt"", ""colsample_bytree"": 0.8, ""deterministic"": true, ""force_col_wise"": true, ""learning_rate"": 0.03, ""max_depth"": -1, ""min_child_samples"": 20, ""n_estimators"": 300, ""n_jobs"": -1, ""num_leaves"": 15, ""objective"": ""regression"", ""random_state"": 42, ""reg_alpha"": 0.0, ""reg_lambda"": 1.0, ""subsample"": 0.8, ""subsample_freq"": 1, ""verbosity"": -1}",6.459509667009115,0.30206658042264206,0.6239582007517693,3.0206658042264207,6.2395820075176935,0.8571114597346805
LightGBM,30,F4_reference,daylight,17851,239,"{""boosting_type"": ""gbdt"", ""colsample_bytree"": 0.8, ""deterministic"": true, ""force_col_wise"": true, ""learning_rate"": 0.03, ""max_depth"": -1, ""min_child_samples"": 20, ""n_estimators"": 300, ""n_jobs"": -1, ""num_leaves"": 15, ""objective"": ""regression"", ""random_state"": 42, ""reg_alpha"": 0.0, ""reg_lambda"": 1.0, ""subsample"": 0.8, ""subsample_freq"": 1, ""verbosity"": -1}",6.459509667009115,0.44542372037273215,0.7601563664000289,4.454237203727322,7.60156366400029,0.8064056211977607
LightGBM,30,F4_shift_17d,all,26496,244,"{""boosting_type"": ""gbdt"", ""colsample_bytree"": 0.8, ""deterministic"": true, ""force_col_wise"": true, ""learning_rate"": 0.03, ""max_depth"": -1, ""min_child_samples"": 20, ""n_estimators"": 300, ""n_jobs"": -1, ""num_leaves"": 15, ""objective"": ""regression"", ""random_state"": 42, ""reg_alpha"": 0.0, ""reg_lambda"": 1.0, ""subsample"": 0.8, ""subsample_freq"": 1, ""verbosity"": -1}",6.528131207916886,0.30246240254355305,0.6232400546137732,3.0246240254355308,6.232400546137732,0.8574401862449826
LightGBM,30,F4_shift_17d,daylight,17851,244,"{""boosting_type"": ""gbdt"", ""colsample_bytree"": 0.8, ""deterministic"": true, ""force_col_wise"": true, ""learning_rate"": 0.03, ""max_depth"": -1, ""min_child_samples"": 20, ""n_estimators"": 300, ""n_jobs"": -1, ""num_leaves"": 15, ""objective"": ""regression"", ""random_state"": 42, ""reg_alpha"": 0.0, ""reg_lambda"": 1.0, ""subsample"": 0.8, ""subsample_freq"": 1, ""verbosity"": -1}",6.528131207916886,0.4462544816158825,0.7592850415125261,4.462544816158825,7.592850415125261,0.8068491797377579
LightGBM,30,F4_shift_37d,all,26496,244,"{""boosting_type"": ""gbdt"", ""colsample_bytree"": 0.8, ""deterministic"": true, ""force_col_wise"": true, ""learning_rate"": 0.03, ""max_depth"": -1, ""min_child_samples"": 20, ""n_estimators"": 300, ""n_jobs"": -1, ""num_leaves"": 15, ""objective"": ""regression"", ""random_state"": 42, ""reg_alpha"": 0.0, ""reg_lambda"": 1.0, ""subsample"": 0.8, ""subsample_freq"": 1, ""verbosity"": -1}",6.477013374678791,0.300689128240134,0.6222387035799362,3.00689128240134,6.222387035799362,0.8578979159325424
LightGBM,30,F4_shift_37d,daylight,17851,244,"{""boosting_type"": ""gbdt"", ""colsample_bytree"": 0.8, ""deterministic"": true, ""force_col_wise"": true, ""learning_rate"": 0.03, ""max_depth"": -1, ""min_child_samples"": 20, ""n_estimators"": 300, ""n_jobs"": -1, ""num_leaves"": 15, ""objective"": ""regression"", ""random_state"": 42, ""reg_alpha"": 0.0, ""reg_lambda"": 1.0, ""subsample"": 0.8, ""subsample_freq"": 1, ""verbosity"": -1}",6.477013374678791,0.44371162923855506,0.7580661037887276,4.437116292385551,7.5806610378872765,0.8074688411941597
LightGBM,30,F4_shift_61d,all,26496,244,"{""boosting_type"": ""gbdt"", ""colsample_bytree"": 0.8, ""deterministic"": true, ""force_col_wise"": true, ""learning_rate"": 0.03, ""max_depth"": -1, ""min_child_samples"": 20, ""n_estimators"": 300, ""n_jobs"": -1, ""num_leaves"": 15, ""objective"": ""regression"", ""random_state"": 42, ""reg_alpha"": 0.0, ""reg_lambda"": 1.0, ""subsample"": 0.8, ""subsample_freq"": 1, ""verbosity"": -1}",6.5643627918325365,0.302690762071539,0.6230454138190576,3.02690762071539,6.230454138190576,0.8575292165386232
LightGBM,30,F4_shift_61d,daylight,17851,244,"{""boosting_type"": ""gbdt"", ""colsample_bytree"": 0.8, ""deterministic"": true, ""force_col_wise"": true, ""learning_rate"": 0.03, ""max_depth"": -1, ""min_child_samples"": 20, ""n_estimators"": 300, ""n_jobs"": -1, ""num_leaves"": 15, ""objective"": ""regression"", ""random_state"": 42, ""reg_alpha"": 0.0, ""reg_lambda"": 1.0, ""subsample"": 0.8, ""subsample_freq"": 1, ""verbosity"": -1}",6.5643627918325365,0.44645269356426104,0.7590442820698095,4.464526935642611,7.590442820698094,0.8069716515594685
LightGBM,30,F4_perm_1301,all,26496,244,"{""boosting_type"": ""gbdt"", ""colsample_bytree"": 0.8, ""deterministic"": true, ""force_col_wise"": true, ""learning_rate"": 0.03, ""max_depth"": -1, ""min_child_samples"": 20, ""n_estimators"": 300, ""n_jobs"": -1, ""num_leaves"": 15, ""objective"": ""regression"", ""random_state"": 42, ""reg_alpha"": 0.0, ""reg_lambda"": 1.0, ""subsample"": 0.8, ""subsample_freq"": 1, ""verbosity"": -1}",6.429484124761075,0.30129239502761845,0.6225435059658281,3.0129239502761846,6.225435059658281,0.8577586649909945
LightGBM,30,F4_perm_1301,daylight,17851,244,"{""boosting_type"": ""gbdt"", ""colsample_bytree"": 0.8, ""deterministic"": true, ""force_col_wise"": true, ""learning_rate"": 0.03, ""max_depth"": -1, ""min_child_samples"": 20, ""n_estimators"": 300, ""n_jobs"": -1, ""num_leaves"": 15, ""objective"": ""regression"", ""random_state"": 42, ""reg_alpha"": 0.0, ""reg_lambda"": 1.0, ""subsample"": 0.8, ""subsample_freq"": 1, ""verbosity"": -1}",6.429484124761075,0.4446299326008597,0.7584370087504554,4.446299326008598,7.5843700875045545,0.8072803926364845
LightGBM,30,F4_perm_1302,all,26496,244,"{""boosting_type"": ""gbdt"", ""colsample_bytree"": 0.8, ""deterministic"": true, ""force_col_wise"": true, ""learning_rate"": 0.03, ""max_depth"": -1, ""min_child_samples"": 20, ""n_estimators"": 300, ""n_jobs"": -1, ""num_leaves"": 15, ""objective"": ""regression"", ""random_state"": 42, ""reg_alpha"": 0.0, ""reg_lambda"": 1.0, ""subsample"": 0.8, ""subsample_freq"": 1, ""verbosity"": -1}",7.299448499921709,0.30141706077863106,0.6225167385876417,3.0141706077863106,6.225167385876416,0.8577708965722988
LightGBM,30,F4_perm_1302,daylight,17851,244,"{""boosting_type"": ""gbdt"", ""colsample_bytree"": 0.8, ""deterministic"": true, ""force_col_wise"": true, ""learning_rate"": 0.03, ""max_depth"": -1, ""min_child_samples"": 20, ""n_estimators"": 300, ""n_jobs"": -1, ""num_leaves"": 15, ""objective"": ""regression"", ""random_state"": 42, ""reg_alpha"": 0.0, ""reg_lambda"": 1.0, ""subsample"": 0.8, ""subsample_freq"": 1, ""verbosity"": -1}",7.299448499921709,0.44484523178534985,0.7584049160546789,4.448452317853499,7.584049160546789,0.8072967018640232
LightGBM,30,F4_perm_1303,all,26496,244,"{""boosting_type"": ""gbdt"", ""colsample_bytree"": 0.8, ""deterministic"": true, ""force_col_wise"": true, ""learning_rate"": 0.03, ""max_depth"": -1, ""min_child_samples"": 20, ""n_estimators"": 300, ""n_jobs"": -1, ""num_leaves"": 15, ""objective"": ""regression"", ""random_state"": 42, ""reg_alpha"": 0.0, ""reg_lambda"": 1.0, ""subsample"": 0.8, ""subsample_freq"": 1, ""verbosity"": -1}",7.587916209362447,0.30131124598165393,0.6229362626201352,3.013112459816539,6.229362626201352,0.8575791310209566
LightGBM,30,F4_perm_1303,daylight,17851,244,"{""boosting_type"": ""gbdt"", ""colsample_bytree"": 0.8, ""deterministic"": true, ""force_col_wise"": true, ""learning_rate"": 0.03, ""max_depth"": -1, ""min_child_samples"": 20, ""n_estimators"": 300, ""n_jobs"": -1, ""num_leaves"": 15, ""objective"": ""regression"", ""random_state"": 42, ""reg_alpha"": 0.0, ""reg_lambda"": 1.0, ""subsample"": 0.8, ""subsample_freq"": 1, ""verbosity"": -1}",7.587916209362447,0.4446146423562542,0.7589151775734705,4.446146423562542,7.589151775734704,0.8070373096743466
Ridge,60,F3,all,26496,147,alpha=0.01,0.17891033366322517,0.5274764861580857,0.7775696780629513,5.2747648615808576,7.775696780629514,0.7780960471168358
Ridge,60,F3,daylight,17851,147,alpha=0.01,0.17891033366322517,0.6092395920086697,0.9046671444537756,6.092395920086697,9.046671444537756,0.7258018598528646
Ridge,60,F4_real,all,26496,244,alpha=0.01,0.27773691713809967,0.5627764544310523,0.8025063015638486,5.627764544310523,8.025063015638485,0.7636349239644727
Ridge,60,F4_real,daylight,17851,244,alpha=0.01,0.27773691713809967,0.6346083657458023,0.9214405073175995,6.346083657458022,9.214405073175994,0.7155398273151272
Ridge,60,F4_reference,all,26496,239,alpha=0.01,0.2884642919525504,0.5627764569229063,0.8025062916240457,5.627764569229063,8.025062916240458,0.7636349298196846
Ridge,60,F4_reference,daylight,17851,239,alpha=0.01,0.2884642919525504,0.6346083497711119,0.9214404888122689,6.346083497711119,9.21440488812269,0.7155398387407796
Ridge,60,F4_shift_17d,all,26496,244,alpha=0.01,0.3175837923772633,0.5843481093013224,0.8164324974606829,5.843481093013224,8.16432497460683,0.7553602796103249
Ridge,60,F4_shift_17d,daylight,17851,244,alpha=0.01,0.3175837923772633,0.6501344259545065,0.9305726271490236,6.501344259545066,9.305726271490235,0.7098734885853466
Ridge,60,F4_shift_37d,all,26496,244,alpha=0.01,0.31211458379402757,0.5658113038523568,0.8013696037929321,5.6581130385235685,8.013696037929321,0.7643040411384281
Ridge,60,F4_shift_37d,daylight,17851,244,alpha=0.01,0.31211458379402757,0.6355310178286881,0.9193260689933301,6.3553101782868815,9.1932606899333,0.7168438363805043
Ridge,60,F4_shift_61d,all,26496,244,alpha=0.01,0.32716024992987514,0.5796417084274562,0.8108663555280585,5.796417084274562,8.108663555280586,0.7586846392429085
Ridge,60,F4_shift_61d,daylight,17851,244,alpha=0.01,0.32716024992987514,0.6466413734577813,0.9247309849208564,6.466413734577813,9.247309849208564,0.7135045769170363
Ridge,60,F4_perm_1301,all,26496,244,alpha=0.01,0.3202172080054879,0.5283815604453268,0.7781284146527447,5.2838156044532685,7.781284146527447,0.777777026436061
Ridge,60,F4_perm_1301,daylight,17851,244,alpha=0.01,0.3202172080054879,0.6100974369764111,0.9050964521530882,6.100974369764111,9.050964521530883,0.7255415579192683
Ridge,60,F4_perm_1302,all,26496,244,alpha=0.01,0.4385046251118183,0.5275703657079077,0.7777953362926058,5.275703657079077,7.777953362926058,0.7779672310875619
Ridge,60,F4_perm_1302,daylight,17851,244,alpha=0.01,0.4385046251118183,0.6094285717745865,0.9049140935368066,6.094285717745866,9.049140935368067,0.7256521424201543
Ridge,60,F4_perm_1303,all,26496,244,alpha=0.01,0.25689816707745194,0.52713986440912,0.7776711737304796,5.2713986440911995,7.776711737304796,0.7780381133769525
Ridge,60,F4_perm_1303,daylight,17851,244,alpha=0.01,0.25689816707745194,0.6091782469716297,0.9049142209583454,6.091782469716297,9.049142209583454,0.7256520651579504
LightGBM,60,F3,all,26496,147,"{""boosting_type"": ""gbdt"", ""colsample_bytree"": 0.8, ""deterministic"": true, ""force_col_wise"": true, ""learning_rate"": 0.03, ""max_depth"": -1, ""min_child_samples"": 20, ""n_estimators"": 300, ""n_jobs"": -1, ""num_leaves"": 15, ""objective"": ""regression"", ""random_state"": 42, ""reg_alpha"": 0.0, ""reg_lambda"": 1.0, ""subsample"": 0.8, ""subsample_freq"": 1, ""verbosity"": -1}",7.138977583963424,0.3433489572975768,0.6854304194870865,3.4334895729757684,6.854304194870865,0.8275698704325418
LightGBM,60,F3,daylight,17851,147,"{""boosting_type"": ""gbdt"", ""colsample_bytree"": 0.8, ""deterministic"": true, ""force_col_wise"": true, ""learning_rate"": 0.03, ""max_depth"": -1, ""min_child_samples"": 20, ""n_estimators"": 300, ""n_jobs"": -1, ""num_leaves"": 15, ""objective"": ""regression"", ""random_state"": 42, ""reg_alpha"": 0.0, ""reg_lambda"": 1.0, ""subsample"": 0.8, ""subsample_freq"": 1, ""verbosity"": -1}",7.138977583963424,0.5069797737996921,0.8350516808953958,5.06979773799692,8.350516808953959,0.766378085881344
LightGBM,60,F4_real,all,26496,244,"{""boosting_type"": ""gbdt"", ""colsample_bytree"": 0.8, ""deterministic"": true, ""force_col_wise"": true, ""learning_rate"": 0.03, ""max_depth"": -1, ""min_child_samples"": 20, ""n_estimators"": 300, ""n_jobs"": -1, ""num_leaves"": 15, ""objective"": ""regression"", ""random_state"": 42, ""reg_alpha"": 0.0, ""reg_lambda"": 1.0, ""subsample"": 0.8, ""subsample_freq"": 1, ""verbosity"": -1}",7.391739708837122,0.34312255401783054,0.6853675317410016,3.4312255401783056,6.853675317410016,0.8276015096608124
LightGBM,60,F4_real,daylight,17851,244,"{""boosting_type"": ""gbdt"", ""colsample_bytree"": 0.8, ""deterministic"": true, ""force_col_wise"": true, ""learning_rate"": 0.03, ""max_depth"": -1, ""min_child_samples"": 20, ""n_estimators"": 300, ""n_jobs"": -1, ""num_leaves"": 15, ""objective"": ""regression"", ""random_state"": 42, ""reg_alpha"": 0.0, ""reg_lambda"": 1.0, ""subsample"": 0.8, ""subsample_freq"": 1, ""verbosity"": -1}",7.391739708837122,0.5057395979503261,0.834966757780057,5.05739597950326,8.34966757780057,0.7664256012444594
LightGBM,60,F4_reference,all,26496,239,"{""boosting_type"": ""gbdt"", ""colsample_bytree"": 0.8, ""deterministic"": true, ""force_col_wise"": true, ""learning_rate"": 0.03, ""max_depth"": -1, ""min_child_samples"": 20, ""n_estimators"": 300, ""n_jobs"": -1, ""num_leaves"": 15, ""objective"": ""regression"", ""random_state"": 42, ""reg_alpha"": 0.0, ""reg_lambda"": 1.0, ""subsample"": 0.8, ""subsample_freq"": 1, ""verbosity"": -1}",6.801713542081416,0.34140062898341156,0.6853948932004085,3.4140062898341155,6.8539489320040845,0.8275877442919116
LightGBM,60,F4_reference,daylight,17851,239,"{""boosting_type"": ""gbdt"", ""colsample_bytree"": 0.8, ""deterministic"": true, ""force_col_wise"": true, ""learning_rate"": 0.03, ""max_depth"": -1, ""min_child_samples"": 20, ""n_estimators"": 300, ""n_jobs"": -1, ""num_leaves"": 15, ""objective"": ""regression"", ""random_state"": 42, ""reg_alpha"": 0.0, ""reg_lambda"": 1.0, ""subsample"": 0.8, ""subsample_freq"": 1, ""verbosity"": -1}",6.801713542081416,0.5044557706316096,0.8350085353062654,5.0445577063160965,8.350085353062655,0.7664022268894943
LightGBM,60,F4_shift_17d,all,26496,244,"{""boosting_type"": ""gbdt"", ""colsample_bytree"": 0.8, ""deterministic"": true, ""force_col_wise"": true, ""learning_rate"": 0.03, ""max_depth"": -1, ""min_child_samples"": 20, ""n_estimators"": 300, ""n_jobs"": -1, ""num_leaves"": 15, ""objective"": ""regression"", ""random_state"": 42, ""reg_alpha"": 0.0, ""reg_lambda"": 1.0, ""subsample"": 0.8, ""subsample_freq"": 1, ""verbosity"": -1}",6.71395783405751,0.34471869670749977,0.686009219376903,3.4471869670749973,6.86009219376903,0.8272785361835141
LightGBM,60,F4_shift_17d,daylight,17851,244,"{""boosting_type"": ""gbdt"", ""colsample_bytree"": 0.8, ""deterministic"": true, ""force_col_wise"": true, ""learning_rate"": 0.03, ""max_depth"": -1, ""min_child_samples"": 20, ""n_estimators"": 300, ""n_jobs"": -1, ""num_leaves"": 15, ""objective"": ""regression"", ""random_state"": 42, ""reg_alpha"": 0.0, ""reg_lambda"": 1.0, ""subsample"": 0.8, ""subsample_freq"": 1, ""verbosity"": -1}",6.71395783405751,0.5082398949210537,0.8357489501341063,5.082398949210537,8.357489501341064,0.765987773790029
LightGBM,60,F4_shift_37d,all,26496,244,"{""boosting_type"": ""gbdt"", ""colsample_bytree"": 0.8, ""deterministic"": true, ""force_col_wise"": true, ""learning_rate"": 0.03, ""max_depth"": -1, ""min_child_samples"": 20, ""n_estimators"": 300, ""n_jobs"": -1, ""num_leaves"": 15, ""objective"": ""regression"", ""random_state"": 42, ""reg_alpha"": 0.0, ""reg_lambda"": 1.0, ""subsample"": 0.8, ""subsample_freq"": 1, ""verbosity"": -1}",7.173828083090484,0.3432413450795624,0.683416955988665,3.432413450795624,6.834169559886651,0.828581415400143
LightGBM,60,F4_shift_37d,daylight,17851,244,"{""boosting_type"": ""gbdt"", ""colsample_bytree"": 0.8, ""deterministic"": true, ""force_col_wise"": true, ""learning_rate"": 0.03, ""max_depth"": -1, ""min_child_samples"": 20, ""n_estimators"": 300, ""n_jobs"": -1, ""num_leaves"": 15, ""objective"": ""regression"", ""random_state"": 42, ""reg_alpha"": 0.0, ""reg_lambda"": 1.0, ""subsample"": 0.8, ""subsample_freq"": 1, ""verbosity"": -1}",7.173828083090484,0.506379442143297,0.8325950996855621,5.06379442143297,8.325950996855621,0.7677506165702936
LightGBM,60,F4_shift_61d,all,26496,244,"{""boosting_type"": ""gbdt"", ""colsample_bytree"": 0.8, ""deterministic"": true, ""force_col_wise"": true, ""learning_rate"": 0.03, ""max_depth"": -1, ""min_child_samples"": 20, ""n_estimators"": 300, ""n_jobs"": -1, ""num_leaves"": 15, ""objective"": ""regression"", ""random_state"": 42, ""reg_alpha"": 0.0, ""reg_lambda"": 1.0, ""subsample"": 0.8, ""subsample_freq"": 1, ""verbosity"": -1}",7.002178208902478,0.34497327935940103,0.6865272704189117,3.4497327935940105,6.865272704189117,0.8270175708280472
LightGBM,60,F4_shift_61d,daylight,17851,244,"{""boosting_type"": ""gbdt"", ""colsample_bytree"": 0.8, ""deterministic"": true, ""force_col_wise"": true, ""learning_rate"": 0.03, ""max_depth"": -1, ""min_child_samples"": 20, ""n_estimators"": 300, ""n_jobs"": -1, ""num_leaves"": 15, ""objective"": ""regression"", ""random_state"": 42, ""reg_alpha"": 0.0, ""reg_lambda"": 1.0, ""subsample"": 0.8, ""subsample_freq"": 1, ""verbosity"": -1}",7.002178208902478,0.508675778895112,0.8363825921725235,5.08675778895112,8.363825921725235,0.7656327959107881
LightGBM,60,F4_perm_1301,all,26496,244,"{""boosting_type"": ""gbdt"", ""colsample_bytree"": 0.8, ""deterministic"": true, ""force_col_wise"": true, ""learning_rate"": 0.03, ""max_depth"": -1, ""min_child_samples"": 20, ""n_estimators"": 300, ""n_jobs"": -1, ""num_leaves"": 15, ""objective"": ""regression"", ""random_state"": 42, ""reg_alpha"": 0.0, ""reg_lambda"": 1.0, ""subsample"": 0.8, ""subsample_freq"": 1, ""verbosity"": -1}",7.199780749622732,0.34625986136829806,0.6859433729436769,3.4625986136829807,6.859433729436769,0.8273116918502045
LightGBM,60,F4_perm_1301,daylight,17851,244,"{""boosting_type"": ""gbdt"", ""colsample_bytree"": 0.8, ""deterministic"": true, ""force_col_wise"": true, ""learning_rate"": 0.03, ""max_depth"": -1, ""min_child_samples"": 20, ""n_estimators"": 300, ""n_jobs"": -1, ""num_leaves"": 15, ""objective"": ""regression"", ""random_state"": 42, ""reg_alpha"": 0.0, ""reg_lambda"": 1.0, ""subsample"": 0.8, ""subsample_freq"": 1, ""verbosity"": -1}",7.199780749622732,0.5106202092493081,0.8356705566174016,5.10620209249308,8.356705566174018,0.7660316725732131
LightGBM,60,F4_perm_1302,all,26496,244,"{""boosting_type"": ""gbdt"", ""colsample_bytree"": 0.8, ""deterministic"": true, ""force_col_wise"": true, ""learning_rate"": 0.03, ""max_depth"": -1, ""min_child_samples"": 20, ""n_estimators"": 300, ""n_jobs"": -1, ""num_leaves"": 15, ""objective"": ""regression"", ""random_state"": 42, ""reg_alpha"": 0.0, ""reg_lambda"": 1.0, ""subsample"": 0.8, ""subsample_freq"": 1, ""verbosity"": -1}",7.318828833755106,0.346280929030365,0.6859380277436302,3.4628092903036505,6.859380277436303,0.8273143831801094
LightGBM,60,F4_perm_1302,daylight,17851,244,"{""boosting_type"": ""gbdt"", ""colsample_bytree"": 0.8, ""deterministic"": true, ""force_col_wise"": true, ""learning_rate"": 0.03, ""max_depth"": -1, ""min_child_samples"": 20, ""n_estimators"": 300, ""n_jobs"": -1, ""num_leaves"": 15, ""objective"": ""regression"", ""random_state"": 42, ""reg_alpha"": 0.0, ""reg_lambda"": 1.0, ""subsample"": 0.8, ""subsample_freq"": 1, ""verbosity"": -1}",7.318828833755106,0.5106514464527147,0.8356640440112569,5.106514464527146,8.35664044011257,0.7660353193156222
LightGBM,60,F4_perm_1303,all,26496,244,"{""boosting_type"": ""gbdt"", ""colsample_bytree"": 0.8, ""deterministic"": true, ""force_col_wise"": true, ""learning_rate"": 0.03, ""max_depth"": -1, ""min_child_samples"": 20, ""n_estimators"": 300, ""n_jobs"": -1, ""num_leaves"": 15, ""objective"": ""regression"", ""random_state"": 42, ""reg_alpha"": 0.0, ""reg_lambda"": 1.0, ""subsample"": 0.8, ""subsample_freq"": 1, ""verbosity"": -1}",7.056490583345294,0.346280929030365,0.6859380277436302,3.4628092903036505,6.859380277436303,0.8273143831801094
LightGBM,60,F4_perm_1303,daylight,17851,244,"{""boosting_type"": ""gbdt"", ""colsample_bytree"": 0.8, ""deterministic"": true, ""force_col_wise"": true, ""learning_rate"": 0.03, ""max_depth"": -1, ""min_child_samples"": 20, ""n_estimators"": 300, ""n_jobs"": -1, ""num_leaves"": 15, ""objective"": ""regression"", ""random_state"": 42, ""reg_alpha"": 0.0, ""reg_lambda"": 1.0, ""subsample"": 0.8, ""subsample_freq"": 1, ""verbosity"": -1}",7.056490583345294,0.5106514464527147,0.8356640440112569,5.106514464527146,8.35664044011257,0.7660353193156222
