model,horizon_minutes,scope,n_test_rows,n_daily_blocks,F3_MAE_kW,F4_MAE_kW,delta_MAE_kW,delta_MAE_CI95_lower_kW,delta_MAE_CI95_upper_kW,relative_MAE_change_percent,relative_CI95_lower_percent,relative_CI95_upper_percent
HGBR,15,all,26496,92,0.2653451540258863,0.26382839517573103,0.0015167588501552864,-0.0001854770916742146,0.0033901644485992283,0.5716173169709803,-0.06733842823957796,1.3163367171516447
HGBR,30,all,26496,92,0.3072253361022709,0.3070530298596282,0.00017230624264269467,-0.0026918187261610435,0.0028006320547088255,0.056084646152144306,-0.876009686546863,0.9283349849793271
HGBR,60,all,26496,92,0.351776072416766,0.35164592419177815,0.00013014822498785827,-0.0041250682461329916,0.004330816089701803,0.03699746378248985,-1.1720979851064908,1.233894738315286
HGBR,15,daylight,17851,92,0.39127150053451537,0.3894390211626444,0.0018324793718709764,-0.0006833107479165656,0.004619982873323511,0.46833959779018647,-0.17031313669161602,1.2121069477805828
HGBR,30,daylight,17851,92,0.45272225732281257,0.4525018376059389,0.00022041971687369877,-0.0038065741960037203,0.004053542254797245,0.0486876254278192,-0.844997319192644,0.9207290641600024
HGBR,60,daylight,17851,92,0.5182071098727807,0.5178603379550686,0.000346771917712152,-0.0053770747869780035,0.005943717296753694,0.06691763024966679,-1.0464327118424177,1.1385618571571605
Ridge,15,all,26496,92,0.3185212589666207,0.3294658556975007,-0.010944596730879996,-0.014889632826652533,-0.006984066684035286,-3.4360647595038327,-4.794128151564976,-2.141505510258756
Ridge,30,all,26496,92,0.40166296244108124,0.420880977761919,-0.019218015320837778,-0.026404686581914433,-0.012214947804915617,-4.7846122540254905,-6.68935704435121,-3.0069194087794773
Ridge,60,all,26496,92,0.5274764861570077,0.5627764544294594,-0.03529996827245174,-0.04847541361697488,-0.02221220705464364,-6.692235426385324,-9.297394887358076,-4.1860239879977374
Ridge,15,daylight,17851,92,0.41401608922661043,0.42106583598002983,-0.007049746753419406,-0.00975768758735714,-0.004403020744154663,-1.7027712054834536,-2.430307713326012,-1.0465997993044531
Ridge,30,daylight,17851,92,0.49643449408249596,0.5093754684948084,-0.012940974412312456,-0.018076943830706363,-0.007911544681272415,-2.606783889227884,-3.742086442538693,-1.5723996114311032
Ridge,60,daylight,17851,92,0.609239592007947,0.634608365744628,-0.025368773736681005,-0.03518960091943096,-0.015709411650477813,-4.164006093738913,-5.8793729917549244,-2.5277416216291853
