model,model_family,horizon_minutes,scope,variant,component_family,bootstrap_draw_policy,n_rows,n_utc_days,F3_MAE_kW,component_MAE_kW,delta_MAE_F3_minus_component_kW,component_MAE_reduction_vs_F3_percent,ci95_low_kW,ci95_high_kW,evidence_class,bootstrap_replicates,bootstrap_seed
LSTM,neural,15,all,F3_plus_karana,karana,single canonical 92-day draw matrix,26496,92,0.3257923464187911,0.30260296782658397,0.023189378592207155,7.117840197018708,0.019219024180928895,0.02718095246241216,component_lower_MAE,10000,42
LSTM,neural,15,all,F3_plus_nakshatra,nakshatra,single canonical 92-day draw matrix,26496,92,0.3257923464187911,0.36733684768828323,-0.04154450126949211,-12.751834635209189,-0.053426302547806157,-0.02998196036747948,F3_lower_MAE,10000,42
LSTM,neural,15,all,F3_plus_paksha,paksha,single canonical 92-day draw matrix,26496,92,0.3257923464187911,0.3480717547173871,-0.022279408298595982,-6.838530291916933,-0.03008843284298124,-0.014703147090655126,F3_lower_MAE,10000,42
LSTM,neural,15,all,F3_plus_tithi,tithi,single canonical 92-day draw matrix,26496,92,0.3257923464187911,0.29879046507524654,0.027001881343544587,8.288064971555503,0.02254014036023128,0.031640245812044915,component_lower_MAE,10000,42
LSTM,neural,15,all,F3_plus_yoga,yoga,single canonical 92-day draw matrix,26496,92,0.3257923464187911,0.3153412830927409,0.010451063326050225,3.207890989745923,0.005476793215262188,0.015301786507550246,component_lower_MAE,10000,42
LSTM,neural,15,daylight,F3_plus_karana,karana,single canonical 92-day draw matrix,17851,92,0.45105308570238484,0.4271152949337347,0.023937790768650158,5.307089459630671,0.018906438679118204,0.029144870488104668,component_lower_MAE,10000,42
LSTM,neural,15,daylight,F3_plus_tithi,tithi,single canonical 92-day draw matrix,17851,92,0.45105308570238484,0.42563495887699865,0.02541812682538619,5.6352849877536695,0.019803079657864105,0.031226108391663347,component_lower_MAE,10000,42
LSTM,neural,15,daylight,F3_plus_yoga,yoga,single canonical 92-day draw matrix,17851,92,0.45105308570238484,0.4325053480163082,0.01854773768607665,4.112096397077942,0.012759730282326952,0.02410666773743328,component_lower_MAE,10000,42
LSTM,neural,30,all,F3_plus_nakshatra,nakshatra,single canonical 92-day draw matrix,26496,92,0.38586169953200017,0.38104407286025177,0.004817626671748398,1.2485371514176065,0.00044962466909931483,0.009125342711296386,component_lower_MAE,10000,42
LSTM,neural,30,all,F3_plus_paksha,paksha,single canonical 92-day draw matrix,26496,92,0.38586169953200017,0.3761478073969626,0.009713892135037594,2.5174543487522283,0.005281460118807884,0.014056746839945745,component_lower_MAE,10000,42
LSTM,neural,30,all,F3_plus_tithi,tithi,single canonical 92-day draw matrix,26496,92,0.38586169953200017,0.3998993200915324,-0.014037620559532227,-3.6379927255174658,-0.016479120682005514,-0.01158888983747202,F3_lower_MAE,10000,42
LSTM,neural,30,all,F3_plus_yoga,yoga,single canonical 92-day draw matrix,26496,92,0.38586169953200017,0.402760550655761,-0.016898851123760827,-4.379509846210942,-0.019370277614401618,-0.014482845728147389,F3_lower_MAE,10000,42
LSTM,neural,30,daylight,F3_plus_karana,karana,single canonical 92-day draw matrix,17851,92,0.5258639349838802,0.5194570732982062,0.006406861685673948,1.2183497021658927,0.003871284927485835,0.008993260905519596,component_lower_MAE,10000,42
LSTM,neural,30,daylight,F3_plus_nakshatra,nakshatra,single canonical 92-day draw matrix,17851,92,0.5258639349838802,0.5334886337816336,-0.007624698797753404,-1.4499375771010292,-0.012657111734571578,-0.0027539355181585103,F3_lower_MAE,10000,42
LSTM,neural,30,daylight,F3_plus_paksha,paksha,single canonical 92-day draw matrix,17851,92,0.5258639349838802,0.5323420874313072,-0.006478152447426999,-1.2319065858025766,-0.01121319038668223,-0.0018833916345721386,F3_lower_MAE,10000,42
LSTM,neural,30,daylight,F3_plus_tithi,tithi,single canonical 92-day draw matrix,17851,92,0.5258639349838802,0.5387354911425102,-0.012871556158630004,-2.4476970756750163,-0.01574725872954148,-0.010012298076471462,F3_lower_MAE,10000,42
LSTM,neural,30,daylight,F3_plus_yoga,yoga,single canonical 92-day draw matrix,17851,92,0.5258639349838802,0.5336234020723493,-0.007759467088469085,-1.4755655545586985,-0.010112505523653368,-0.005423167293321768,F3_lower_MAE,10000,42
LSTM,neural,60,all,F3_plus_tithi,tithi,single canonical 92-day draw matrix,26496,92,0.4688066434515402,0.48261283070630134,-0.013806187254761126,-2.944964080098035,-0.02144676088402759,-0.00600680740152416,F3_lower_MAE,10000,42
LSTM,neural,60,all,F3_plus_yoga,yoga,single canonical 92-day draw matrix,26496,92,0.4688066434515402,0.4790206165644626,-0.010213973112922381,-2.1787176559024557,-0.01698082022948484,-0.00326282700571186,F3_lower_MAE,10000,42
LSTM,neural,60,daylight,F3_plus_tithi,tithi,single canonical 92-day draw matrix,17851,92,0.6516383100557587,0.6750747343901069,-0.023436424334348227,-3.596538750513739,-0.03390542646184712,-0.012841126762277591,F3_lower_MAE,10000,42
LightGBM,classical,15,all,F3_plus_paksha,paksha,"SeedSequence([42,horizon,scope_index])",26496,92,0.26092179418771366,0.2626140509595156,-0.0016922567718019588,-0.6485685785927514,-0.002750090891811903,-0.0007169967321846285,F3_lower_MAE,10000,42
LightGBM,classical,15,all,F3_plus_tithi,tithi,"SeedSequence([42,horizon,scope_index])",26496,92,0.26092179418771366,0.2621526638080354,-0.0012308696203217617,-0.4717389071133871,-0.002031382087869549,-0.000456276489918177,F3_lower_MAE,10000,42
LightGBM,classical,15,daylight,F3_plus_paksha,paksha,"SeedSequence([42,horizon,scope_index])",17851,92,0.38513357384341096,0.38748308157952394,-0.002349507736112977,-0.6100500957800808,-0.003901666885587142,-0.0009156968955653323,F3_lower_MAE,10000,42
LightGBM,classical,15,daylight,F3_plus_tithi,tithi,"SeedSequence([42,horizon,scope_index])",17851,92,0.38513357384341096,0.38696629658454557,-0.001832722741134607,-0.47586678119102704,-0.0030241932169453463,-0.0007238045126381391,F3_lower_MAE,10000,42
LightGBM,classical,30,all,F3_plus_karana,karana,"SeedSequence([42,horizon,scope_index])",26496,92,0.3024148005029716,0.3011411753050737,0.0012736251978978652,0.42115174117787607,5.14893052965912e-05,0.0025533901150367145,component_lower_MAE,10000,42
LightGBM,classical,60,all,F3_plus_karana,karana,"SeedSequence([42,horizon,scope_index])",26496,92,0.3433489572975768,0.34696620206155093,-0.0036172447639741256,-1.0535184939673776,-0.005896105129394119,-0.0014457113891164222,F3_lower_MAE,10000,42
LightGBM,classical,60,daylight,F3_plus_karana,karana,"SeedSequence([42,horizon,scope_index])",17851,92,0.506979773799692,0.5112661360996333,-0.004286362299941393,-0.8454700801604242,-0.007537867405488905,-0.001131545554320379,F3_lower_MAE,10000,42
Ridge,classical,15,all,F3_plus_tithi,tithi,"SeedSequence([42,horizon,scope_index])",26496,92,0.3185212589665754,0.3213728294566921,-0.002851570490116695,-0.8952528001956471,-0.004288554078334681,-0.0013451580445589183,F3_lower_MAE,10000,42
Ridge,classical,15,all,F3_plus_yoga,yoga,"SeedSequence([42,horizon,scope_index])",26496,92,0.3185212589665754,0.3264399234890313,-0.007918664522455876,-2.4860709605844034,-0.011002917430811991,-0.004842593703276245,F3_lower_MAE,10000,42
Ridge,classical,15,daylight,F3_plus_tithi,tithi,"SeedSequence([42,horizon,scope_index])",17851,92,0.4140160892265771,0.41571440359653067,-0.0016983143699535463,-0.41020492056870667,-0.0028218343183458493,-0.000606075735532565,F3_lower_MAE,10000,42
Ridge,classical,15,daylight,F3_plus_yoga,yoga,"SeedSequence([42,horizon,scope_index])",17851,92,0.4140160892265771,0.41887587459195136,-0.004859785365374236,-1.1738155815279534,-0.006966963222961854,-0.0027900182075749976,F3_lower_MAE,10000,42
Ridge,classical,30,all,F3_plus_tithi,tithi,"SeedSequence([42,horizon,scope_index])",26496,92,0.401662962441053,0.40662693671577743,-0.0049639742747244475,-1.2358556150053162,-0.007521305517460333,-0.0024140917164473343,F3_lower_MAE,10000,42
Ridge,classical,30,all,F3_plus_yoga,yoga,"SeedSequence([42,horizon,scope_index])",26496,92,0.401662962441053,0.4157390571319412,-0.014076094690888219,-3.5044542333061117,-0.019597751856421784,-0.008751493383905693,F3_lower_MAE,10000,42
Ridge,classical,30,daylight,F3_plus_tithi,tithi,"SeedSequence([42,horizon,scope_index])",17851,92,0.49643449408247464,0.49949045654533897,-0.0030559624628643256,-0.6155822166452088,-0.005040505445141263,-0.0011579953668430822,F3_lower_MAE,10000,42
Ridge,classical,30,daylight,F3_plus_yoga,yoga,"SeedSequence([42,horizon,scope_index])",17851,92,0.49643449408247464,0.5056175857362969,-0.00918309165382225,-1.8498093430825593,-0.012889335805570567,-0.005562117891648285,F3_lower_MAE,10000,42
Ridge,classical,60,all,F3_plus_tithi,tithi,"SeedSequence([42,horizon,scope_index])",26496,92,0.5274764861580857,0.5366288997718264,-0.00915241361374064,-1.7351320587582824,-0.013879318423816938,-0.004344226543646405,F3_lower_MAE,10000,42
Ridge,classical,60,all,F3_plus_yoga,yoga,"SeedSequence([42,horizon,scope_index])",26496,92,0.5274764861580857,0.5534178203377895,-0.02594133417970379,-4.918007695214896,-0.035754737024060054,-0.015938434188730317,F3_lower_MAE,10000,42
Ridge,classical,60,daylight,F3_plus_tithi,tithi,"SeedSequence([42,horizon,scope_index])",17851,92,0.6092395920086697,0.6151615716173416,-0.005921979608671912,-0.9720280307369847,-0.009683886832747995,-0.002189185635574751,F3_lower_MAE,10000,42
Ridge,classical,60,daylight,F3_plus_yoga,yoga,"SeedSequence([42,horizon,scope_index])",17851,92,0.6092395920086697,0.6276534334919285,-0.018413841483258753,-3.0224302105101395,-0.025511943134039903,-0.011428831219961456,F3_lower_MAE,10000,42
TCN,neural,15,all,F3_plus_paksha,paksha,single canonical 92-day draw matrix,26496,92,0.4385220206777155,0.4035659042531595,0.03495611642455598,7.971348022736218,0.013836226162988807,0.056936492641804816,component_lower_MAE,10000,42
TCN,neural,15,all,F3_plus_tithi,tithi,single canonical 92-day draw matrix,26496,92,0.4385220206777155,0.30722848582495965,0.13129353485275586,29.94000954612217,0.11497876461029098,0.1484971667382759,component_lower_MAE,10000,42
TCN,neural,15,daylight,F3_plus_nakshatra,nakshatra,single canonical 92-day draw matrix,17851,92,0.5394638785441094,0.5690892842081386,-0.02962540566402927,-5.49163842887526,-0.058158450976916846,-9.149126253433249e-05,F3_lower_MAE,10000,42
TCN,neural,15,daylight,F3_plus_tithi,tithi,single canonical 92-day draw matrix,17851,92,0.5394638785441094,0.4221502991664524,0.11731357937765696,21.746327056087555,0.1004440836955843,0.13533087637690755,component_lower_MAE,10000,42
TCN,neural,15,daylight,F3_plus_yoga,yoga,single canonical 92-day draw matrix,17851,92,0.5394638785441094,0.6099408014036312,-0.07047692285952178,-13.064252429601591,-0.11485874386693712,-0.0254017804400604,F3_lower_MAE,10000,42
TCN,neural,30,all,F3_plus_karana,karana,single canonical 92-day draw matrix,26496,92,0.5424790340638188,0.4984943224499113,0.04398471161390749,8.108094295259528,0.017577582380168287,0.06980097537864043,component_lower_MAE,10000,42
TCN,neural,30,all,F3_plus_nakshatra,nakshatra,single canonical 92-day draw matrix,26496,92,0.5424790340638188,0.44297817881906537,0.09950085524475344,18.341880330263212,0.08590107160087086,0.11326244382027519,component_lower_MAE,10000,42
TCN,neural,30,all,F3_plus_paksha,paksha,single canonical 92-day draw matrix,26496,92,0.5424790340638188,0.48805695098357404,0.054422083080244765,10.032108093202803,0.026814755216709747,0.08102417063270408,component_lower_MAE,10000,42
TCN,neural,30,all,F3_plus_tithi,tithi,single canonical 92-day draw matrix,26496,92,0.5424790340638188,0.6471013743284092,-0.10462234026459039,-19.285969354583813,-0.1321026070201916,-0.07969202144775056,F3_lower_MAE,10000,42
TCN,neural,30,all,F3_plus_yoga,yoga,single canonical 92-day draw matrix,26496,92,0.5424790340638188,0.9376963178935167,-0.3952172838296979,-72.85392780418559,-0.46455008411584714,-0.3283070149361441,F3_lower_MAE,10000,42
TCN,neural,30,daylight,F3_plus_karana,karana,single canonical 92-day draw matrix,17851,92,0.6781169357751632,0.6242138425803673,0.053903093194795915,7.948937764425346,0.02141610138277576,0.08550924559457052,component_lower_MAE,10000,42
TCN,neural,30,daylight,F3_plus_nakshatra,nakshatra,single canonical 92-day draw matrix,17851,92,0.6781169357751632,0.6095083443126974,0.06860859146246578,10.117516292973649,0.05276301451336424,0.08455338949008484,component_lower_MAE,10000,42
TCN,neural,30,daylight,F3_plus_paksha,paksha,single canonical 92-day draw matrix,17851,92,0.6781169357751632,0.6181603849236237,0.0599565508515395,8.841624163685353,0.02492916775303342,0.09275188695609432,component_lower_MAE,10000,42
TCN,neural,30,daylight,F3_plus_tithi,tithi,single canonical 92-day draw matrix,17851,92,0.6781169357751632,0.805213288918432,-0.12709635314326884,-18.742542242804117,-0.1557328231911225,-0.09985464425326901,F3_lower_MAE,10000,42
TCN,neural,30,daylight,F3_plus_yoga,yoga,single canonical 92-day draw matrix,17851,92,0.6781169357751632,0.9837049620749524,-0.3055880262997892,-45.064207982133354,-0.36777938405455796,-0.2473243377107488,F3_lower_MAE,10000,42
TCN,neural,60,all,F3_plus_karana,karana,single canonical 92-day draw matrix,26496,92,0.6874912687741968,0.5347518284782904,0.15273944029590636,22.216928015426607,0.11516857082805938,0.19355316634811517,component_lower_MAE,10000,42
TCN,neural,60,all,F3_plus_nakshatra,nakshatra,single canonical 92-day draw matrix,26496,92,0.6874912687741968,0.5665860588498691,0.12090520992432763,17.5864356997439,0.07992110045282091,0.16627784660860392,component_lower_MAE,10000,42
TCN,neural,60,all,F3_plus_paksha,paksha,single canonical 92-day draw matrix,26496,92,0.6874912687741968,0.6213924358932814,0.06609883288091534,9.614497795553122,0.017571967825921537,0.11741345543397878,component_lower_MAE,10000,42
TCN,neural,60,all,F3_plus_yoga,yoga,single canonical 92-day draw matrix,26496,92,0.6874912687741968,0.7853429941703896,-0.0978517253961928,-14.233159000064587,-0.1471040538108985,-0.04730934856510625,F3_lower_MAE,10000,42
TCN,neural,60,daylight,F3_plus_karana,karana,single canonical 92-day draw matrix,17851,92,0.7619891866480986,0.6985695382693909,0.06341964837870762,8.322906609434085,0.03681168207888818,0.09186585788364668,component_lower_MAE,10000,42
TCN,neural,60,daylight,F3_plus_tithi,tithi,single canonical 92-day draw matrix,17851,92,0.7619891866480986,0.9072522227015221,-0.1452630360534235,-19.063661085850658,-0.21928491909394252,-0.0738375700006225,F3_lower_MAE,10000,42
TCN,neural,60,daylight,F3_plus_yoga,yoga,single canonical 92-day draw matrix,17851,92,0.7619891866480986,0.9688745442319627,-0.20688535758386417,-27.150694682942774,-0.2560905075157386,-0.15744833739210826,F3_lower_MAE,10000,42
