model,horizon_minutes,scope,full_F4_delta_kW,full_F4_ci_low_kW,full_F4_ci_high_kW,full_F4_evidence,karana_delta_kW,nakshatra_delta_kW,paksha_delta_kW,tithi_delta_kW,yoga_delta_kW,sum_add_one_delta_kW,full_minus_sum_delta_kW,absolute_full_minus_sum_kW,largest_positive_component,largest_positive_component_delta_kW,most_negative_component,most_negative_component_delta_kW,resolved_component_count,resolved_beneficial_component_count,resolved_harmful_component_count,tithi_plus_yoga_delta_kW,full_minus_tithi_yoga_delta_kW
LSTM,15,all,-0.0019475748006003157,-0.009221737498773308,0.005539174579777403,CI_crosses_zero,0.023189378592207155,-0.04154450126949211,-0.022279408298595982,0.027001881343544587,0.010451063326050225,-0.0031815863062861216,0.0012340115056858059,0.0012340115056858059,tithi,0.027001881343544587,nakshatra,-0.04154450126949211,5,3,2,0.03745294466959481,-0.03940051947019513
LSTM,15,daylight,0.011381389136885245,0.001519693830603465,0.02154440997660922,F4_real_lower_MAE,0.023937790768650158,-0.0024616897958554818,-0.0034348858222692513,0.02541812682538619,0.01854773768607665,0.06200707966198826,-0.05062569052510302,0.05062569052510302,tithi,0.02541812682538619,paksha,-0.0034348858222692513,3,3,0,0.04396586451146284,-0.03258447537457759
LSTM,30,all,0.014905732043025699,0.009769920839833636,0.019979632486186706,F4_real_lower_MAE,0.0016637482565313721,0.004817626671748398,0.009713892135037594,-0.014037620559532227,-0.016898851123760827,-0.01474120461997569,0.02964693666300139,0.02964693666300139,paksha,0.009713892135037594,yoga,-0.016898851123760827,4,2,2,-0.030936471683293054,0.04584220372631875
LSTM,30,daylight,-0.006208201847101247,-0.011576592119727037,-0.0010221158804568243,comparator_lower_MAE,0.006406861685673948,-0.007624698797753404,-0.006478152447426999,-0.012871556158630004,-0.007759467088469085,-0.028327012806605545,0.022118810959504298,0.022118810959504298,karana,0.006406861685673948,tithi,-0.012871556158630004,5,1,4,-0.02063102324709909,0.014422821399997843
LSTM,60,all,-0.0011796390483601038,-0.009381233358726638,0.007294889164867762,CI_crosses_zero,-0.005846313572558659,-0.002236882001197704,0.003272938400285641,-0.013806187254761126,-0.010213973112922381,-0.02883041754115423,0.027650778492794126,0.027650778492794126,paksha,0.003272938400285641,tithi,-0.013806187254761126,2,0,2,-0.024020160367683507,0.022840521319323404
LSTM,60,daylight,0.0025756933280629557,-0.00882451066945301,0.014131115021710161,CI_crosses_zero,-0.008961389217637117,0.0018465995605956298,-0.002127222183218591,-0.023436424334348227,-0.0024101325126818507,-0.035088568687290156,0.03766426201535311,0.03766426201535311,nakshatra,0.0018465995605956298,tithi,-0.023436424334348227,1,0,1,-0.025846556847030078,0.028422250175093033
LightGBM,15,all,-0.0011350183825157,-0.0020605350828178,-0.000278263629347,comparator_lower_MAE,-0.0005471403275847941,-0.00041918637112320356,-0.0016922567718019588,-0.0012308696203217617,-6.062859468558557e-05,-0.003950081685517304,0.002815063303001604,0.002815063303001604,yoga,-6.062859468558557e-05,paksha,-0.0016922567718019588,2,0,2,-0.0012914982150073473,0.0001564798324916474
LightGBM,15,daylight,-0.0017993112658628,-0.0031810644158102,-0.0005218316350379,comparator_lower_MAE,-0.0009143809540738679,-0.00038576049203570273,-0.002349507736112977,-0.001832722741134607,9.749256548696739e-05,-0.005384879357870187,0.003585568092007387,0.003585568092007387,yoga,9.749256548696739e-05,paksha,-0.002349507736112977,2,0,2,-0.0017352301756476396,-6.408109021516033e-05
LightGBM,30,all,0.0017687210633934,0.0005290430968258,0.0031583202634683,F4_real_lower_MAE,0.0012736251978978652,0.0002278402459341966,0.00078059546186382,0.0009547762701290208,0.0007096950988966233,0.003946532274721526,-0.002177811211328126,0.002177811211328126,karana,0.0012736251978978652,nakshatra,0.0002278402459341966,1,1,0,0.001664471369025644,0.00010424969436775584
LightGBM,30,daylight,0.0025647389768509,0.0007218993252854,0.0046496154651231,F4_real_lower_MAE,0.0017159376846309082,0.00016138804777249272,0.0012991711168334752,0.001533486886652613,0.0010175615785169567,0.005727545314406446,-0.003162806337555546,0.003162806337555546,karana,0.0017159376846309082,nakshatra,0.00016138804777249272,0,0,0,0.0025510484651695697,1.3690511681330349e-05
LightGBM,60,all,0.0002264032797462,-0.0018885413674166,0.002544174466707,CI_crosses_zero,-0.0036172447639741256,-9.5085275739204e-06,-0.0003843462005673204,-8.62390015976544e-06,-0.0009355887548135877,-0.00495531214708872,0.00518171542683492,0.00518171542683492,tithi,-8.62390015976544e-06,karana,-0.0036172447639741256,1,0,1,-0.0009442126549733532,0.0011706159347195531
LightGBM,60,daylight,0.0012401758493659,-0.0019865827876828,0.0047968875008806,CI_crosses_zero,-0.004286362299941393,0.00020949025071581584,-0.00013225038267061784,0.00021748090363582495,-0.0009345761833831068,-0.004926217711643477,0.006166393561009377,0.006166393561009377,tithi,0.00021748090363582495,karana,-0.004286362299941393,1,0,1,-0.0007170952797472818,0.001957271129113182
Ridge,15,all,-0.0109445967305711,-0.0148390281944305,-0.0070352628890539,comparator_lower_MAE,-0.00017971670442762377,-0.0006647135759799694,-8.673534361142154e-05,-0.002851570490116695,-0.007918664522455876,-0.011701400636591586,0.0007568039060204864,0.0007568039060204864,paksha,-8.673534361142154e-05,yoga,-0.007918664522455876,2,0,2,-0.010770235012572571,-0.0001743617179985283
Ridge,15,daylight,-0.0070497467532308,-0.0098054217791922,-0.0043207945839745,comparator_lower_MAE,-0.00017199795085837133,-0.0002552292027129255,-7.260935444175498e-06,-0.0016983143699535463,-0.004859785365374236,-0.006992587824343255,-5.715892888754487e-05,5.715892888754487e-05,paksha,-7.260935444175498e-06,yoga,-0.004859785365374236,2,0,2,-0.0065580997353277826,-0.0004916470179030172
Ridge,30,all,-0.0192180153212602,-0.0264242011574828,-0.0122803668707911,comparator_lower_MAE,-0.0002097002521020963,-0.0013071955135249835,-0.00013575564486340008,-0.0049639742747244475,-0.014076094690888219,-0.020692720376103146,0.001474705054842946,0.001474705054842946,paksha,-0.00013575564486340008,yoga,-0.014076094690888219,2,0,2,-0.019040068965612666,-0.000177946355647534
Ridge,30,daylight,-0.012940974412561,-0.0180068725029639,-0.0080081787659351,comparator_lower_MAE,-0.00020085484746312776,-0.0006406320660425902,-3.645499836779642e-05,-0.0030559624628643256,-0.00918309165382225,-0.01311699602856009,0.00017602161599909044,0.00017602161599909044,paksha,-3.645499836779642e-05,yoga,-0.00918309165382225,2,0,2,-0.012239054116686576,-0.0007019202958744239
Ridge,60,all,-0.0352999682729665,-0.0481679432391193,-0.0224206276236897,comparator_lower_MAE,-0.00028409890709923946,-0.002546708326689906,-0.0002679403764731525,-0.00915241361374064,-0.02594133417970379,-0.03819249540370673,0.00289252713074023,0.00289252713074023,paksha,-0.0002679403764731525,yoga,-0.02594133417970379,2,0,2,-0.03509374779344443,-0.0002062204795220679
Ridge,60,daylight,-0.0253687737371325,-0.0352594440270922,-0.0155726144537206,comparator_lower_MAE,-0.00021210853557562803,-0.0014915463167375353,-0.00018178111464972613,-0.005921979608671912,-0.018413841483258753,-0.026221257058893555,0.0008524833217610529,0.0008524833217610529,paksha,-0.00018178111464972613,yoga,-0.018413841483258753,2,0,2,-0.024335821091930665,-0.0010329526452018366
TCN,15,all,0.03096969288799184,0.010855241659674223,0.050991404369047096,F4_real_lower_MAE,-0.01683506547118674,0.019036895138253462,0.03495611642455598,0.13129353485275586,-0.006086941524674538,0.16236453941970402,-0.13139484653171218,0.13139484653171218,tithi,0.13129353485275586,karana,-0.01683506547118674,2,2,0,0.12520659332808132,-0.09423690044008948
TCN,15,daylight,-0.00750147222806119,-0.031139134769441513,0.015825385457233297,CI_crosses_zero,-0.023877978342996542,-0.02962540566402927,-0.008692597942780766,0.11731357937765696,-0.07047692285952178,-0.0153593254316714,0.00785785320361021,0.00785785320361021,tithi,0.11731357937765696,yoga,-0.07047692285952178,3,1,2,0.04683665651813518,-0.05433812874619637
TCN,30,all,-0.059151802066579995,-0.08933922480810448,-0.029782950799498702,comparator_lower_MAE,0.04398471161390749,0.09950085524475344,0.054422083080244765,-0.10462234026459039,-0.3952172838296979,-0.3019319741553826,0.2427801720888026,0.2427801720888026,nakshatra,0.09950085524475344,yoga,-0.3952172838296979,5,3,2,-0.4998396240942883,0.4406878220277083
TCN,30,daylight,-0.0016146681783797412,-0.030651133648249472,0.02641595272701837,CI_crosses_zero,0.053903093194795915,0.06860859146246578,0.0599565508515395,-0.12709635314326884,-0.3055880262997892,-0.25021614393425684,0.2486014757558771,0.2486014757558771,nakshatra,0.06860859146246578,yoga,-0.3055880262997892,5,3,2,-0.43268437944305804,0.4310697112646783
TCN,60,all,0.08538874613240555,0.0447080296640585,0.12983185440199804,F4_real_lower_MAE,0.15273944029590636,0.12090520992432763,0.06609883288091534,-0.059431811870081175,-0.0978517253961928,0.18245994583487535,-0.0970711997024698,0.0970711997024698,karana,0.15273944029590636,yoga,-0.0978517253961928,4,3,1,-0.15728353726627398,0.24267228339867952
TCN,60,daylight,0.03363708783468411,0.0009315322922597443,0.07027666175362532,F4_real_lower_MAE,0.06341964837870762,0.01474087640007038,-0.014001332089488283,-0.1452630360534235,-0.20688535758386417,-0.28798920094799796,0.32162628878268207,0.32162628878268207,karana,0.06341964837870762,yoga,-0.20688535758386417,3,1,2,-0.35214839363728767,0.3857854814719718
