model,horizon_minutes,scope,F3_to_F4_MAE_improvement_pct,CI95_low_pct,CI95_high_pct
BiLSTM,15,all,1.5433158004338667,-1.1207846592679145,4.145202349432296
GRU,15,all,-7.590038590981059,-9.358492845419043,-5.883448754907845
LSTM,15,all,-0.8845449795206772,-2.591356,0.800759
TCN,15,all,19.945104384237638,14.816505043612576,24.85329234208671
BiLSTM,30,all,8.66441998432006,6.533049272868621,10.831738966498447
GRU,30,all,-5.464907201284336,-7.8884025579531905,-3.164433357315706
LSTM,30,all,5.797531687852631,3.552636,7.939762
TCN,30,all,30.934651793904216,27.937763007491256,33.98193356852792
BiLSTM,60,all,-8.978698338833452,-13.730807723403808,-4.908481465094465
GRU,60,all,-4.489917102146005,-7.025055005423516,-1.9897626594927744
LSTM,60,all,-1.441883489096209,-3.451026,0.566087
TCN,60,all,-27.474756684243523,-35.73968445443089,-19.78481482494483
BiLSTM,15,daylight,-1.707390980529178,-3.845899189707749,0.3179280453099138
GRU,15,daylight,-1.2363109315516387,-2.2861288768401677,-0.131478265798402
LSTM,15,daylight,1.263797,0.040153,2.557423
TCN,15,daylight,18.198193480537565,13.544777425535424,22.702230329481527
BiLSTM,30,daylight,3.3081690102237027,1.4643504646465662,5.210903727594435
GRU,30,daylight,-8.568435149208709,-10.803009509471064,-6.560699314587894
LSTM,30,daylight,4.17485,1.978721,6.174997
TCN,30,daylight,34.34975798618327,30.976576625978723,37.7932893317619
BiLSTM,60,daylight,-6.797675337822823,-10.805270814447685,-3.2562447827044414
GRU,60,daylight,-5.1032828804731905,-7.317424606699856,-2.9756311451853183
LSTM,60,daylight,3.449669,1.664418,5.347754
TCN,60,daylight,-42.91645228151674,-54.539188070256735,-32.40293831879466
