epoch,loss,val_loss,model,candidate_id,horizon_minutes,feature_family,is_callback_best_epoch
1,0.2320556789636612,0.3239370882511139,GRU,RNN_C2,60,F0,False
2,0.20869046449661255,0.2969478368759155,GRU,RNN_C2,60,F0,False
3,0.20325854420661926,0.28856584429740906,GRU,RNN_C2,60,F0,True
4,0.20387710630893707,0.2950022220611572,GRU,RNN_C2,60,F0,False
5,0.20981554687023163,0.29464587569236755,GRU,RNN_C2,60,F0,False
6,0.20868904888629913,0.2994960844516754,GRU,RNN_C2,60,F0,False
7,0.2131534069776535,0.3191249668598175,GRU,RNN_C2,60,F0,False
8,0.22603009641170502,0.32730334997177124,GRU,RNN_C2,60,F0,False
9,0.22780922055244446,0.3126900792121887,GRU,RNN_C2,60,F0,False
10,0.22495031356811523,0.30183759331703186,GRU,RNN_C2,60,F0,False
11,0.2288217544555664,0.32041239738464355,GRU,RNN_C2,60,F0,False
