model,horizon_minutes,scope,relative_improvement_pct,relative_CI95_lower_pct,relative_CI95_upper_pct,CI_direction,point_estimate_direction
LSTM,15,all,-0.8845449795206772,-2.591356,0.800759,CI crosses zero,F4 higher MAE
LSTM,15,daylight,1.263797,0.040153,2.557423,F4 lower MAE across CI,F4 lower MAE
LSTM,30,all,5.797531687852631,3.552636,7.939762,F4 lower MAE across CI,F4 lower MAE
LSTM,30,daylight,4.17485,1.978721,6.174997,F4 lower MAE across CI,F4 lower MAE
LSTM,60,all,-1.441883489096209,-3.451026,0.566087,CI crosses zero,F4 higher MAE
LSTM,60,daylight,3.449669,1.664418,5.347754,F4 lower MAE across CI,F4 lower MAE
GRU,15,all,-7.590038590981059,-9.358492845419043,-5.883448754907845,F4 higher MAE across CI,F4 higher MAE
GRU,15,daylight,-1.2363109315516387,-2.2861288768401677,-0.13147826579840202,F4 higher MAE across CI,F4 higher MAE
GRU,30,all,-5.464907201284336,-7.8884025579531905,-3.1644333573157066,F4 higher MAE across CI,F4 higher MAE
GRU,30,daylight,-8.568435149208709,-10.803009509471064,-6.560699314587894,F4 higher MAE across CI,F4 higher MAE
GRU,60,all,-4.489917102146005,-7.025055005423516,-1.9897626594927744,F4 higher MAE across CI,F4 higher MAE
GRU,60,daylight,-5.1032828804731905,-7.317424606699856,-2.9756311451853183,F4 higher MAE across CI,F4 higher MAE
