relative_path,bytes,sha256
bilstm_all_vs_daylight_f3_f4.csv,618,8ce8d2f475195624599e31ede334297f05fe021f5e7b0589a1302531f50a0483
bilstm_architecture_selection_60min_F0.csv,936,410e9794a574a481191ba9598efe987cc7bf06a6639e701f1687b72c1fbdf25d
bilstm_architecture_selection_RNN_C1_60min_F0_history.csv,825,4d41e368251b619a9218286111efff199fac4048c1e5512fce7cfa8472ce17be
bilstm_architecture_selection_RNN_C2_60min_F0_history.csv,1037,ec6cc6c2262a0e4f7f2e9092903affbc9cf934e62984b085e6a24bfa0ce503f8
bilstm_architecture_selection_RNN_C3_60min_F0_history.csv,964,f34e69d5bcbd10ed76424f9805b0c6e4adf2b36bd5787c4667455f4566273cbe
bilstm_architecture_selection_RNN_C4_60min_F0_history.csv,1170,fb31a8874ac9996559b54474dc85d301cd4cf2ebe0f7a7698618f56344eee99e
bilstm_complete_final_test_results.csv,3112,df7f0a02430e19930105a23f65a36ff39858d9ded3f4ac8b4ac40799db86e434
bilstm_daylight_f3_f4_summary.csv,454,a7fef3202547e7dc3e00957492eb7097bd941216611f096a3427f2d9d1babc80
bilstm_daylight_metrics_F3_F4.csv,991,82c7a173d7254f0cffb39c2fbfd0b915e0d08a9d1bd77d1ff5cba257ffaa08ce
bilstm_epoch_selection_15min_F0_history.csv,1046,19c35a1e57781a8001cb53ab613866885084dfd938fcc9421547f0bd6e4fa1ed
bilstm_epoch_selection_15min_F1_history.csv,970,ef90cb5fdcdab9201e83c0f6ae6aefdfabffd090402c54ec19cf5c87edeff8ea
bilstm_epoch_selection_15min_F2_history.csv,762,8657ce266c6705d04e347a80e52712f6f9682daea337a0908c1d468641684977
bilstm_epoch_selection_15min_F3_history.csv,901,8e138e4c14330581c7970e01acff31a62ebb87da6057bced23228cb11b72cc2c
bilstm_epoch_selection_15min_F4_history.csv,764,1f85f2b3ca58a8bcd6d0cd14a3bae0cac97fe1318af2814a5df1e4cf557bf969
bilstm_epoch_selection_30min_F0_history.csv,1722,73a43fc67be395eff0a4de27f20a7b6f484838fb6ec9221f3732f822a40d4a07
bilstm_epoch_selection_30min_F1_history.csv,1108,8141e62728bd43ce26d0dcc15e3d1b04f876a3a4010966a589ae67a98782ccca
bilstm_epoch_selection_30min_F2_history.csv,830,701c5a554e0dc5e788e615f62fad614b402242caf8b89d5f62f694067d70beec
bilstm_epoch_selection_30min_F3_history.csv,1791,2542cbbd8883bfb30ff3c53e7f8610bed4648d568420e623ea4223291b53dd45
bilstm_epoch_selection_30min_F4_history.csv,832,4dafbf91060b85ac3963e1247dbb8e638af7108f47a1b5734f6d2e8bff5bc1da
bilstm_epoch_selection_60min_F0_history.csv,1037,ec6cc6c2262a0e4f7f2e9092903affbc9cf934e62984b085e6a24bfa0ce503f8
bilstm_epoch_selection_60min_F1_history.csv,1032,a76fd0bcfef138ac22f8b03c2621ba6ff8005599edbf6fb3b0f747790190c907
bilstm_epoch_selection_60min_F2_history.csv,1032,963f33577ebee2bf7e6d6bc9794bd813d6f2fb531206a3fb7887f5246997f0a8
bilstm_epoch_selection_60min_F3_history.csv,968,1a10ba53998f76322599ddab2ef71a3082dc4e7cd5e686b88fd5d4b84859b1b4
bilstm_epoch_selection_60min_F4_history.csv,895,ccb78f8587387299b8459dbde3a7c9fb6dd3376ead423101833fb49bd09f407c
bilstm_epoch_selection_results.csv,3004,bd7fb37c6fb30afc62d0bcdbbbc330bce0a06acf7bd82d13db227fd69e8ef989
bilstm_epoch_selection_results_partial.csv,3004,bd7fb37c6fb30afc62d0bcdbbbc330bce0a06acf7bd82d13db227fd69e8ef989
bilstm_f3_f4_daily_block_bootstrap.csv,2066,b263a49dc4d9e2ec71e560bf546eefafa2e5d137a26563af2b787da5f1d7e617
bilstm_f3_f4_daily_block_bootstrap_block_audit.csv,3163,d3d8ddb17ee7e2421cae6e5e01c44657d79444d3c3f21aac940338631c045dff
bilstm_f3_f4_daily_block_bootstrap_replicates.csv,6676945,6c3851d64c6ad4399cbe5bd3a72214cd4f475bfdc4af797d0cb5bb5c3df21144
bilstm_f3_f4_partial_test_summary.csv,186,6abfa295e7795d7908c408e7e8e326da2cdd8221f77e8df40bfdb67389ae2a86
bilstm_f3_f4_test_summary.csv,393,00f4292a8700156fa16d9b42342e2e59ae470f28e8ae93d96282c582bff28abe
bilstm_final_15min_F0_history.csv,142,d08c3a8362cfe4d9f2094aeb72c2aea580033881965d19b704e5f7e01fbb82c7
bilstm_final_15min_F0_predictions.csv,887022,83cfd29e333c93d2d80be069d2abe7247e415245bdf3fb2fc870fb1da5715e45
bilstm_final_15min_F0_result.csv,460,accf0a4e5807163778f00563a867db9af184abeb34edaba9539c3b6fa183eea8
bilstm_final_15min_F1_history.csv,118,891224f2d0f39c5f3c256671a06dbda708d242158fb2d483002b60cc06a8a6d4
bilstm_final_15min_F1_predictions.csv,888301,307fb74941eef6f316ce449720a3af0e5fb8f3059b204f87811e24fb79cc8c6f
bilstm_final_15min_F1_result.csv,460,f578cb0a3912e1256b2bc93358c176d9353bd16c480e6319a165e1049ea253bf
bilstm_final_15min_F2_history.csv,55,ab747cdbcff4234bc722251832c3e4d7c51f734557a774de92938b3004279a08
bilstm_final_15min_F2_predictions.csv,887159,18d3bcd735f670ef0e130557a5cf46b8158e963d114b9b20a19d9e67f85962aa
bilstm_final_15min_F2_result.csv,460,af56385bf3a990e2d65b72e5cbb192ed034334b5950f64972c0d1054a2e1df7f
bilstm_final_15min_F3_history.csv,97,77e9eb6691323861f706fb09f658d1f6b6cb292fbba568dba8b5fec677b07961
bilstm_final_15min_F3_predictions.csv,887564,e40cff3ce61a21f4523d31848e0585a20f7a7afe196d23539ba9c713ec3f6520
bilstm_final_15min_F3_result.csv,460,91247f0f2f889afa472256bcb414035f6f4b74e3de59a5061aff63259f303662
bilstm_final_15min_F4_history.csv,55,b7c4f598f98cb3eee57836edae41d68b2cf3782fab0a31994f7b6d4641b063cf
bilstm_final_15min_F4_predictions.csv,882022,0b003c77c526588581ce76e21408b4290b82aa56838282c0a5c53de71023547c
bilstm_final_15min_F4_result.csv,461,05c612477dc72aba77d46ae8676534e7c578065b8df2817194ece50ea69bdb7e
bilstm_final_15min_ablation.csv,465,78381910f08baf33c154c9e56f8cbfeddb20bf8ad8423db383e304929967d45c
bilstm_final_30min_F0_history.csv,366,81fc8e809a1dee89b0b1bf6c27c3ffe25eb9d9ac08f19a3d3c86632d714b80d7
bilstm_final_30min_F0_predictions.csv,881613,81b5fee58b1d8c252b32828b408964fa60c9aeff013486cc0fccd14630a9e496
bilstm_final_30min_F0_result.csv,460,15e048c847cd49ce0c79c06af05662e0cbccb9b35ffc029cc96ec97bcc572aaa
bilstm_final_30min_F1_history.csv,164,0b11f30d2ffa29b4ecd3c8eac831178eb9de79b82b3048e30201011ae46e53d2
bilstm_final_30min_F1_predictions.csv,880014,f656e7a1b4ad201f28137de057ff0ef47b2c5bc6952a2065f8cf9cf8144955a3
bilstm_final_30min_F1_result.csv,459,0f3ebce2d863d01b39b1699725f008c1b89ad0cbabc5c5693fdb5cf39885b90e
bilstm_final_30min_F2_history.csv,76,2d2a20cf430594e9dbc516907bef378d18dbd8b2ccff091265fc1e333945d8ef
bilstm_final_30min_F2_predictions.csv,882330,a3ce42ff958359d720f9cc77f750e00c73f7c0a20a39ddeca22815d7803c6180
bilstm_final_30min_F2_result.csv,457,c38cab8c057182509cae55aec63c11f976819b3a1e0037044c776d890639ed6c
bilstm_final_30min_F3_history.csv,383,887eae03419ace7bcaf8ef1bf32adc81884d4b62bfc841ddae4d554f44b7bcd6
bilstm_final_30min_F3_predictions.csv,881118,cbf7e00f52eca781e9aec02c5a59fd0d74453feeac31371a46a35ecd5d264069
bilstm_final_30min_F3_result.csv,459,1d31459b8623dfe3936f56f42794a74a913ddd7d291b144e58cb0ae42fdae853
bilstm_final_30min_F4_history.csv,75,c0ece101583d68e18d82d637114a78c876ba792828cf01ecabf8aa862707c46e
bilstm_final_30min_F4_predictions.csv,884677,ca30c2c1159a7744cb08fd3c2ccb25868ac2c32ea9ccb41eda8c7073f7463cff
bilstm_final_30min_F4_result.csv,461,87ec9896044d89328381b9ab3b1af1835b982869a059671ffa6a6a2f0ce99384
bilstm_final_30min_ablation.csv,462,4003d06559e0166b8c8fd46e33a97ea8c98da094cb3e499625d51856ac1b524d
bilstm_final_60min_F0_history.csv,139,ff58457e978e26c5071a93b880f41ffdaa4d573750a045b4a15b8037c1c786fc
bilstm_final_60min_F0_predictions.csv,875884,63100cd871ed00b8d07b8283e6ba711f350e950fb2f71c8c804aa8ab3d0db14a
bilstm_final_60min_F0_result.csv,456,25cb566b9e48bdd6921b70306acc1c914a08354ccbc12ce96229211fc74f1dc9
bilstm_final_60min_F1_history.csv,140,30764131097eeb99656e79ad4cac23ccde348ae684ee627e10ac37338d2240c4
bilstm_final_60min_F1_predictions.csv,885481,5932a0f0a2c99bb909de6cc6fc124fb0a2757ab2c3d716f8ff8856669b9ef56c
bilstm_final_60min_F1_result.csv,460,caa1b5597a1cba896facf2981ae5c3c885fe30c7e50a914d526f20cf31c8bd8a
bilstm_final_60min_F2_history.csv,142,85bd9ca243c2149da7caf36030c48925e0e44ae3d95ee473f569dcbb2553975c
bilstm_final_60min_F2_predictions.csv,874536,c08369adfbda0e989f0c5612c4164bfedd70dc70f7c0211e52c811e0700d6b7b
bilstm_final_60min_F2_result.csv,460,0c6a625e560f5e2eca4157017ae4600d7fe0c233ce28c71b8a994114648ed16c
bilstm_final_60min_F3_history.csv,119,993a3d986bbcea453ce682190d0157766d691d4098b3b422fea68ba5c3117892
bilstm_final_60min_F3_predictions.csv,880388,de1e8d3bdd9153ee892efd047b8c81936bad7c06c081acce2221e6cb3a0866a2
bilstm_final_60min_F3_result.csv,460,e14ed7ff8ac759682de186c4ebe55c2d7855fa90236c87167df328a903bf8c65
bilstm_final_60min_F4_history.csv,98,02a24afce336a52c532b0c35ceaaa1277622e6714b09c048ddcce5944af79ab9
bilstm_final_60min_F4_predictions.csv,876712,3ecfe6ddd3b9481223ae521394b535a535fe778adccd9765193623fc67659210
bilstm_final_60min_F4_result.csv,459,6742753875e3b4cf9cdae6b2cde2838507dc62efe2e03220f845ea178abf35d9
bilstm_final_60min_ablation.csv,459,297fd89525a64909343b03d96fa6014cceb94586726111d03f9e607c22ad6765
bilstm_frozen_epoch_selection.csv,72,74ae8bb73f0b7499f3e1c5f4d3f92518e6f73fe0ecbabc17e24e2e8e6e4b8597
bilstm_frozen_protocol.json,1143,806daa26305a03aa8cdce3ed337f9d144aef9fbbe2493241e34472d8f3de91fe
bilstm_selected_architecture.json,1076,76409e418cb003cbeed646e2a8dcd7b04dd93c8a135c071baf9967fc6e9fb06c
bilstm_validation_f3_f4_summary.csv,427,f469971ca4f5887648f6b3e98cd5566bcc574e5063d2969ad3ce05f9c4febcc1
figure_f3_f4_four_model_effects.pdf,26786,a0a7de47c379d9d5e2ff02056982a5987024af89f0ae0b4b45fe45859e9c9067
figure_f3_f4_four_model_effects.png,571166,7f0e68a60c133a65287de2d938ea710091aaf8a423e853c2d994c4e2d1b8b710
figure_f3_f4_four_model_effects.svg,85146,bb38dc81bdcc7b14dad9ee064a6f9f2e549c1c09acce6e1c7fbdce8cfd119b3b
figure_f3_f4_four_model_effects_data.csv,1654,ac64466c3f643ed1de3cd6d7b48064a9c2762a7577712451cf6b8d82ad58c114
figure_full_f0_f4_deep_learning_ablation.pdf,26203,0cd1a5ed3b9f5cecd161af0f77e225adb114def388817d46591aa26862d515e1
figure_full_f0_f4_deep_learning_ablation.png,704079,0f20be10feaa0e68e35611fc90a91ce367c8a1bbb45f00a306cc12a2c45d4003
figure_full_f0_f4_deep_learning_ablation.svg,89654,6e95a91b023d3945083c262bb9d947895ef315090ebb92bd3f6902157e9e782c
figure_full_f0_f4_deep_learning_ablation_data.csv,4162,0faf2ad9ed76d4a9ec34da0244212bc107714940004aff799dd9dabcab965f27
gru_all_vs_daylight_f3_f4.csv,264,d328fab63374c05fcccad3156291dfe1b0345684ca25dca672362143b3bbd9a8
gru_architecture_selection_60min_F0.csv,922,fcee014594efb64b48685607252d074d40201fb9272d0d5a2e989c4097cb9840
gru_architecture_selection_RNN_C1_history.csv,667,5e489fbe91bd33dda12e1ded274644c9d716cb9b00e44963d12c3697ae92a89c
gru_architecture_selection_RNN_C2_history.csv,800,2200ca49ebd2dccd82884475ab9afd936f645bbc178d6162cca961078655104d
gru_architecture_selection_RNN_C3_history.csv,665,6b51672359fb5cc286e7784564acb845147eebf7b5aa653a8c82b27ca1d2326c
gru_architecture_selection_RNN_C4_history.csv,1186,16359430c0575087980d8fc699fccd558f0abea015d9f4c48d09dda5ce4d3291
gru_daylight_f3_f4_summary.csv,850,d5cb794d8c0c98d61e151ac34068ce2671299430c41b163e0cfecadee9670847
gru_daylight_metrics_F3_F4.csv,965,72ddbc25117ab88d2ed9849aa240dbc306285f4e682c1a32cdb51dd2ade80dc3
gru_epoch_selection_15min_F0_history.csv,803,b28d67659b061ea698426e21a8a15558d77d578d95fb4643abae7fc3a28e471b
gru_epoch_selection_15min_F1_history.csv,861,d857ed3f665c32df9693ca4ea074edd92af2cd17ea75c588e46242d1ad620317
gru_epoch_selection_15min_F2_history.csv,1063,e29236818227ec45c67913fd265d86f0a6649316aef812153fbe27fcfe56c5e9
gru_epoch_selection_15min_F3_history.csv,731,84beea65632fc3f83a355677480001f0f4a6882506f7a3cc3c46007f638ce768
gru_epoch_selection_15min_F4_history.csv,870,d3bbd68a36e0ebfb0cd87adfdeca904ed80de6b960e9622910ca5fbc6683a786
gru_epoch_selection_30min_F0_history.csv,867,7e68c6256776cc2a555b2456e319fc87a2c0edaaddd186733275cec095b14e21
gru_epoch_selection_30min_F1_history.csv,1327,5fe22c50dcfefe9f695f251f7847f019094de5560c2d0c367ee67391283dadaa
gru_epoch_selection_30min_F2_history.csv,734,5521391f74aba3586e60cba75808a688f69589d87795c2ec8a3055825c61a24c
gru_epoch_selection_30min_F3_history.csv,935,1903ebf972242e4acd3413bc44edb4a5a10ef43ec523ba51af1239e07f0d601a
gru_epoch_selection_30min_F4_history.csv,868,48895f95c53eb623aa18f824d4aca1868d406e17b537a6ff4a5fdeb50dfec303
gru_epoch_selection_60min_F0_history.csv,800,2200ca49ebd2dccd82884475ab9afd936f645bbc178d6162cca961078655104d
gru_epoch_selection_60min_F1_history.csv,1449,791665b09c5e2dd4fa53d0dbd960cb2140a2adc5cffc1d71191df6a5af58cfa5
gru_epoch_selection_60min_F2_history.csv,801,3d5a3fccb22ebedecf635823ae2c3bc612bccd621761d734af902dfb559cc8cf
gru_epoch_selection_60min_F3_history.csv,931,8280e7ef8b9ffc5c39a184a9a4b0668448f08a7a5e38c6cf3433cb4f5e63f0be
gru_epoch_selection_60min_F4_history.csv,670,1ff18d865deeb1065d7114a30800cc2495c6e4d4eac0b2bb2baa24b6866b1183
gru_epoch_selection_results.csv,2293,825c1e08b8e315726560a48b06db52fe11f5aa8d20dea3032ae8351987db57f1
gru_f3_f4_daily_block_audit.csv,241,e506d89e3a2c94da06fb1453dee696404e77dd775b9a0bd26ee21d6b8a721072
gru_f3_f4_daily_block_bootstrap_compact.csv,1060,12f1b20b5440fcc45a5cf966dc804448a8bde3d5e4327c1774342899c8ea6e2c
gru_f3_f4_daily_block_bootstrap_distributions.csv.gz,2425081,4a2fb032412a56b3e59725f6ba7753a9520a19f425b4f5228967d2a91235218a
gru_f3_f4_daily_block_bootstrap_summary.csv,1879,b0c7d444a27070e8621888d884ed9d42509bbde5b046bcaaa3c0ebcf685b9b49
gru_f3_f4_test_summary.csv,262,c597981bba96f8ef8c958830570e0b6a6e173425d003de90fcb8ba5c3d168df7
gru_final_15min_F0_history.csv,75,dc42eea1b3939c3191264733f468afe174df73e20a6bbbfd899bb4e79fc5e65d
gru_final_15min_F0_predictions.csv,1055115,fd079dbfe2d6203dae8437264cb906d936e9ab393d1a94b94c7d311c57aaac57
gru_final_15min_F0_result.csv,453,0701d0bbbf1490442271656a1f24117d3ea793ae3afe841ab2cb75c0e75ddaf2
gru_final_15min_F1_history.csv,96,a0b9fe5a9d53e33150c8ad2468b6cc644994c93d534275261639c1a5f4173bbe
gru_final_15min_F1_predictions.csv,1060087,cda2592c286ac820f69881d8ecd5a9d1da7e2c75a97f119e4d00d37f9f25db09
gru_final_15min_F1_result.csv,457,266982f685999b3198e78ce93678a46d6a9d4b132df1b26ba49bb1e96ce6fa78
gru_final_15min_F2_history.csv,161,4436e7acf43ca06deeff3cdd9bba6201bb852c20c47974e6cc2c39ec7b8a6b04
gru_final_15min_F2_predictions.csv,1056033,5fcc1779603201e09d94e1618b1514497bb024d1db301837244c55b51f90e978
gru_final_15min_F2_result.csv,456,2e92e0b462d19d963c7f29b4fc91e53c65187ea847d818916770559ed9e722fc
gru_final_15min_F3_history.csv,55,7e7ab66ab99f50b937d6aae231ddb2cfa73cdb3401af7335d9758a4fec3e706d
gru_final_15min_F3_predictions.csv,1059100,d9860d95cfaf2db2d6bab2a22779cd24f33b027d4bad55a8fd10e60d41d110f5
gru_final_15min_F3_result.csv,457,2dee3f6ea11bda8b389d6ba5104b84e2ae1bc0161f15ec2423ae156c34cbc4e8
gru_final_15min_F4_history.csv,97,2095c2e1dc31bbe96223fb0fed15b81b78153533491db6d209416583bdbd0448
gru_final_15min_F4_predictions.csv,1059857,616d1c6e0ff0ec91db6bc6558ba35aad269002d456fa5eb7e9408b65bba5bbc0
gru_final_15min_F4_result.csv,458,b7555af2e9f1a5c714ca933f4f78e774384e06f547a3135087e3c3c65dad3e68
gru_final_15min_summary.csv,460,0dbc616dc217a521d1feb53ccc7dbf0978a633ea7c037b90f5ee9f1f8dd0ca7c
gru_final_30min_F0_history.csv,99,8c0b00be055e8354aedfd1158c32fce5497150f0bf7b584d0c439a16da232327
gru_final_30min_F0_predictions.csv,1053442,0fd37980174f1097d6d286686f2228527acccc4e80f1e25cc696da3dd9605b92
gru_final_30min_F0_result.csv,457,20699810a8c28e227af6db45f66e340e8f3073bf865378e9ff0e950b82ff0f24
gru_final_30min_F1_history.csv,254,c99784eef48ecc37244e9a10bcc10bb1c9dea143d4af3c22eec7653ea6b13dab
gru_final_30min_F1_predictions.csv,1058163,740c7ecb788cdab869d887620223f438bbafbc08db548c39e1318ec80fa4d967
gru_final_30min_F1_result.csv,458,5e608b73bc8d2ea5ca0257c90c8da35a2f1d9ff59f78301118b28fa45c379477
gru_final_30min_F2_history.csv,54,82d7d0faec7bf0e73c8e1f5a371345f57aa40c92fede558d828a1803a659dca6
gru_final_30min_F2_predictions.csv,1059006,b69d207b6a8943c6b8f852a75c79629e62148c5e11b4d1b2476e34e58553410f
gru_final_30min_F2_result.csv,457,7b7124d023da9de994ddda9b8923864b496c23b576f6a200e95e461d08c47977
gru_final_30min_F3_history.csv,119,dd89dfe91d475101cc36d702f2a75beec58e0e195c94d219892cbddb0968d384
gru_final_30min_F3_predictions.csv,1058037,0b4659a195fe55e129099eb65159923279871884e9bfaa67c9824ac1b1993c11
gru_final_30min_F3_result.csv,458,3fcba0939feb24962077b9ed735d105c913983877a573107544f0b178e9bcc3a
gru_final_30min_F4_history.csv,99,9cd95bcf509eacbeb83662e6ea72fff51de02b33151db7e94ec1fc7ac0c6ac13
gru_final_30min_F4_predictions.csv,1058249,d51117b5ddff6cabe447dabf2897c287c7a56414f0ba5886069f30cd1a8f56e0
gru_final_30min_F4_result.csv,457,663d89dee1eb457380aaf7e48f288c29ef2d46474c00cc441e726f61b06f0ee4
gru_final_30min_summary.csv,464,4c7adea8ba5834231d2047809c8b01697ebb02eb4bc8616d92b04f4888d84e1b
gru_final_60min_F0_history.csv,74,65a7cb05078785c5a6e97e322b067a82b53cf91325bbaa1912861a02e1241f7a
gru_final_60min_F0_predictions.csv,1058202,73d440a9cd5bcd99d701812b52fbf5e6fa8249dd1a7d765ea5e719e0575a55bb
gru_final_60min_F0_result.csv,456,113011b3c2e41f969a5c2e9d62c380130421fa0eb1441f7563e8c0a771b32585
gru_final_60min_F1_history.csv,297,aa70d6ce2973bff0b4edebdd10451aefeddf878d0d92d74bacda488d5e340a19
gru_final_60min_F1_predictions.csv,1052831,b13911f3e90c1ec5a3bb3da443e20d63f2eb5b064e6904b79ffeffc57aa9f84d
gru_final_60min_F1_result.csv,458,b333deb8f79f04306075a91070cfd5cfacac43ff4edcee2d523315a1346ad516
gru_final_60min_F2_history.csv,75,250f1271992c73bce3e04469324fe49d4eb8f556347257ddd36329ec90b35bba
gru_final_60min_F2_predictions.csv,1058922,a11ae2f06e9fb0888de0749ed64b4c94fb24dbaf572c7d8d96555f295f305003
gru_final_60min_F2_result.csv,458,e06d7982524da3d1b5905ff2652150635818f26e8234c48399deb31f46673524
gru_final_60min_F3_history.csv,120,96fd1d88a189203b1369dc8424671c3fd4f7d313ae777f0484f8fd0c101bf4d6
gru_final_60min_F3_predictions.csv,1059157,bdc1f6b2ec98fff1e0efecbf1082b1fbc5f9622399b718d654627b70d153d3c4
gru_final_60min_F3_result.csv,455,004196756fe97f5b9b53537654dd4b0f5d86f8b344646a52e00124a7c68da56c
gru_final_60min_F4_history.csv,33,1e995edc93cbec634b47b98c1c4eb082ec70a31f60f2c0e668f065c05cfe5670
gru_final_60min_F4_predictions.csv,1058001,966b5f0001c3d6d75a66abe312d1056b5107df0f934b77d02fb602aba132a8b0
gru_final_60min_F4_result.csv,458,b41bf050c838944ba75d2aded60118043355aa46922ad102412da1474f229cc9
gru_final_60min_summary.csv,463,015459c2b755c7b0a6e53e2db6fc3b97fd54e56b1029e67bd62912a7448cecc6
gru_final_f3_f4_test_summary.csv,670,f2922ae030c7415ae891ecb057931350caadb769c51bfb849991a135763d06cb
gru_final_test_metrics_compact.csv,1061,5a2cc1f6cbae064d571773a1cd991502325de36f541abf190b3e874022bd984f
gru_final_test_results_all.csv,3073,014138f056d08cb67cffbd8c59fcd8b8fc6122ebfee3782f47c6512f483222bb
gru_frozen_epoch_selection.csv,72,46b48fb46a6ef0a02c62a7bad987608e5094a37ab8b0d39b34f04d464eb44ecd
gru_frozen_protocol.json,1142,a74fe31582968300aa5d1ccf2b8b631713901d0d261d0aaa25c9a4ae5ccda12c
gru_selected_architecture.json,562,c34fef26963343b27652f50c3c5a48c7eccd28a426d0419c77a44d406b9ef3a0
gru_validation_f3_f4_summary.csv,280,f48dea97d93f52d71078c4af55f73fa323c964d9dd8af7aaa18364d84c6f1b89
lstm_final_15min_F0_history.csv,163,1e715a0bd38b7593ffb29d21ead8156b35215f0dd2cc92aaf695d13d73cf262f
lstm_final_15min_F0_predictions.csv,1060215,08c35dd455b4c6d140b977236610bbbd387d8869279023a56599a6a1855b454b
lstm_final_15min_F0_recovery_note.json,538,1800790c8e485f214d9f900562e5410ebd502f7fd5b58c4d0d4a10cf859bcfe2
lstm_final_15min_F0_result.csv,457,608e856fcc09675ba54e0f1ac32640972aa8a99c84ad15a3b1313b669c454c97
lstm_final_15min_F1_history.csv,33,27dac9ad7b928294731164c62206c38af7e40082cc4a59ed90f3e84c4bfc2cf0
lstm_final_15min_F1_predictions.csv,1060473,cc15325f98bdf2bc55e81184058db3154ce0dbdb9555bff0d1b05375aaf20f36
lstm_final_15min_F1_result.csv,455,97dd0e7a05333068e7c55966659b55858630c07d5c4923aeb43fb9c4aafbecb0
lstm_final_15min_F2_history.csv,50,72259ad12a03a310e2c50c48f52e9679dd25eaeaea39256322913574fab5c29e
lstm_final_15min_F2_predictions.csv,1060690,844506d5534ce1a8146494e063dcf24cf63d0ef6ad4d28cff642405f3a8ec93a
lstm_final_15min_F2_result.csv,458,2e7fb1bd4120fd149e4412b31fc7de0e1d0bf1966f5b918c3a21ff2cbbd34dd1
lstm_final_15min_F3_history.csv,54,93b21ccb9b7a39aa1e8d1b2517e2cc6f8a929bf22944d9a4be9cf855982deb8c
lstm_final_15min_F3_predictions.csv,1058959,a360dafd4cfff9168f097b1423516acfa6dd01489dec6d43d6c3f16674f7f8d1
lstm_final_15min_F3_result.csv,457,05b992d3c34bf0644dba31f3f2bca9466fe826e77fe3c2d09b344c55abeba3a9
lstm_final_15min_F4_history.csv,163,432d34233919c21402aebfca09afe6ab5d4f79954d1d39deb3ef97d56887bb3c
lstm_final_15min_F4_predictions.csv,1057547,ada589e272e34ccae9f20c94f723498e49574a53430b9d2b127e0b9682e4f44d
lstm_final_15min_F4_result.csv,460,79dfc5fdc5773490f2f8dc449d484141dd0977c230bec6b86f377165ee0c4d64
lstm_final_15min_summary.csv,378,e3194536fac13265a09f62e4152bf73505df0b93b8b5cd93b3e51f24df6a946e
lstm_final_15min_test_alignment.csv,2652242,1d53f09713887f3830f99dc8fbb4a58b7cd589e1cdab5219e864ad41c5b12585
lstm_final_30min_F0_history.csv,229,95f232925770afa179fff22da23a3a30fd2a7fe4fe9c46dcd55e86ed4de929e5
lstm_final_30min_F0_predictions.csv,1053544,457010468eb66fcc771b0e9b9fbd011a382d5d90acdd49bb2a28d3b67169121e
lstm_final_30min_F0_result.csv,457,85f67f10cd13156a2daf308b1800ca12b003124d999d0d98bf96b50e71171172
lstm_final_30min_F1_history.csv,33,2228b8f9a6b3707835b2a621eaa9fd811b48a196a77a8e52228cd13033163513
lstm_final_30min_F1_predictions.csv,1059609,1b746697fa1a0e384f6d92ce99066efd987cb54cb5d393d1e0531c3752bf412c
lstm_final_30min_F1_result.csv,457,e9fce0b8fad1fb9562b208422193ab77df2400a91bbccde786591765d3e1945f
lstm_final_30min_F2_history.csv,141,89c5d97c594ff870fa63e9ac9f3fa0afb0cc3d322a4469f81a833098d4311b6b
lstm_final_30min_F2_predictions.csv,1059579,63caf67115ce5c6e52fe4c28369111b65ae94ad0b366229c1be468129120d481
lstm_final_30min_F2_result.csv,457,bf3aeee228c46281c07d8c320dc367a88e42e2f4ca80c8046dad9ddc1a443e46
lstm_final_30min_F3_history.csv,118,4468ae856618b161ba07d630301768ef801785c794ae74071f999c2d8a52a24c
lstm_final_30min_F3_predictions.csv,1060851,c521d67f46f8e33686cdce3382bf909cd490205a4bb845a22c663dd1b956d53e
lstm_final_30min_F3_result.csv,457,332d286b28943fae0644e07a8ad34818786614bb78faf110f5de751f6a274444
lstm_final_30min_F4_history.csv,33,439a0c84faaea3a39972cc60e1518f89a932ba04278f56b4e46f0ce9e5dd8735
lstm_final_30min_F4_predictions.csv,1060108,609ec01602573c9348dd930ee913c33192b88120dc7af4263016b847f24670dc
lstm_final_30min_F4_result.csv,457,1fcc86405432914622123b02ed69264204a4cabd84b9e9aebf775916090fc118
lstm_final_30min_summary.csv,378,22d81eaa2244c2e3f6bba8a57c64dd5cdc107c2e50940c3d0430afc1491aa5dc
lstm_final_30min_test_alignment.csv,2652242,40855c7769f1b02412611d35de43af312f823a16fcc0b681291eac53e37e15f8
lstm_final_60min_F0_history.csv,230,0c375c892e6629aaa9ed3921785f29ef03054e61ea66c67afe3ed770a6cf6ba8
lstm_final_60min_F0_predictions.csv,1059874,e588ec7bbbc25c4a81d6091830fc00bdc5b2fc73e740a670ef576df0c69c0601
lstm_final_60min_F0_result.csv,458,6a6eb971331fc7b8e25f82df0a810d83573981a5cf7167fa7251c4f85765672c
lstm_final_60min_F1_history.csv,98,13b2b9a06bc068181da5881153bfd8c8c7ba144ae20f6852b1fda8b44c777ca6
lstm_final_60min_F1_predictions.csv,1055100,e77a80438641cae45005d05ee244e4c5d6c3e949e976670c93fbe17614915a9e
lstm_final_60min_F1_result.csv,457,1801870356fb0c6e7c94e828beb3b3797fa0bc91b1b3c6f92e8671a4dfdebf2a
lstm_final_60min_F2_history.csv,32,b0fc1c1f34325bb373cde48e730a7c787a82ef267e7080638d18a756ea5ac46f
lstm_final_60min_F2_predictions.csv,1058039,af1574741f5e704b9799f184c2670f4dfc005ba2d3fa8557319158bb9e2551ab
lstm_final_60min_F2_result.csv,456,e27dda20bf62a37905452354af2cf35fb3688583cb52f732c86a607e631454ed
lstm_final_60min_F3_history.csv,76,9c5c627212091557c41324e955200e4e1a4665c9195176715d33c4723bd9ae96
lstm_final_60min_F3_predictions.csv,1055449,0cf50336dc637178f733145e63b36855131dc03b3f4302298ab813b8b5740712
lstm_final_60min_F3_result.csv,458,feebc1119b08be38e1e0585c1785901e3cc90885f7d460576d9a638425348f85
lstm_final_60min_F4_history.csv,55,fffce0c444d149c34fb5a3674bd8dc4db08076025df385bb64c4908338c7b298
lstm_final_60min_F4_predictions.csv,1058268,03cdc91d1a792db00af29345dec024cdae0bec682e01cd129dd0c104b8474643
lstm_final_60min_F4_result.csv,459,9a18fb18d4427fb035b5f6b8ce973673b88e7d80729dc4d431df3a7ca97e79bf
lstm_final_60min_summary.csv,380,798d856cacfee8c85de703f5f370ce5c1ee315e68016ac36a1bfd4a45cde77ac
lstm_final_60min_test_alignment.csv,2652242,1cea1d03e264bf65e894a1d10ae866341f02acade92e67b9a1263add1f36a7b9
lstm_final_complete_test_metrics.csv,1228,dc87f9b754d4a5b1ada49f49b1bf64cd28e8bf0a993948ede75bce99de7e5305
lstm_final_daylight_metrics.csv,2110,9aa6a932201cdb71a3311600697a72dbd69bd105b27881a0653b9a5333916f24
lstm_final_f3_f4_daily_block_bootstrap_compact.csv,1138,d0a81dddfc0d26eb0e12d2799db1bd8f5e23410682ad03db6640756e086d15fc
lstm_final_f3_f4_daily_block_bootstrap_distributions.csv,5933558,80623d9440162c3c76a4b78eac027e05d44580e3de3650905e4abe211359b9e7
lstm_final_f3_f4_daily_block_bootstrap_summary.csv,1566,a5cd97a8deb6567a04e26bacb7cbe6dfc74694a68121e02920431780ea27b230
lstm_final_f3_f4_daily_error_summary.csv,52694,e25e02fdf0f40ea13ea1893ad7b02126ce374b9635af921f191866df4d377d13
lstm_final_f3_f4_daylight_summary.csv,298,0e0b695389bac963e10f5826f9dd62dde2ff2948f398c258aca38a968d0178d3
lstm_final_f3_f4_test_summary.csv,249,b9468af0afd7bc295729bc07647e3dbed94521c0651e18957ecf1add53fafe08
lstm_final_interpretation_table.csv,819,c2b2900dd260ebde39d80db8a571531534b8451d2296e70707856051bb17003f
lstm_final_scientific_summary.csv,1205,cba910aac4af31542bc3dd94496e91dbb4daf90c4265720ccd987117b1c41334
lstm_final_test_alignment_summary.csv,378,88380d0cebcdb0b0472be509eb1f2b5a003fbde49f71fb4380642b1b3e8118f7
lstm_frozen_epoch_selection.csv,1598,89b984279997a8f01c3111a9e5a97db34f88494a0915f78e42b17dc299f15d7d
lstm_frozen_protocol.json,2385,eb3194a5ccfee18cc57dfdde1fd851b32149857be21987e6c2d1ef77c4abf278
lstm_gru_bilstm_f3_f4_ci_status_pivot.csv,427,972a131ab063277d37877a07c9157ee0ff304c57086a5f2bc71665a0ee73b851
lstm_gru_bilstm_f3_f4_comparison.csv,1844,da12f04c09a347b0e937b6c4614a9ebe7f32d93f5b79eabdb1dc5154c00ede77
lstm_gru_bilstm_f3_f4_consensus.csv,666,78af25939e198ec891913823992c483a116c277490d1fa4c3043396c3a1c1746
lstm_gru_bilstm_f3_f4_point_estimate_pivot.csv,406,dec20ee9fe5eb5efd0fbebc30bdf514fdf51f7492c9efaa179bddff4ed4800f6
lstm_gru_bilstm_tcn_f3_f4_ci_status_pivot.csv,371,1821c95ff2c0acf4d36697cb72c806b040a27b836febc4a5742f5c8f38cfa512
lstm_gru_bilstm_tcn_f3_f4_comparison.csv,2282,a5b86c3a44cb314a0da370a86d72ce3dd8aeda797a4d85d289abde85417cdb93
lstm_gru_bilstm_tcn_f3_f4_consensus.csv,580,9303400829d1eaa31b00f75c19ae051d82dd016c8248f5c3d7936031fbb04075
lstm_gru_bilstm_tcn_f3_f4_point_estimate_pivot.csv,524,5f0285bc6cfc91918957a723384dbdfdfedbad5f3462daa521fdb95dcf515606
lstm_gru_f3_f4_comparison.csv,1284,04dccedde7a9e247b1b0f788af4ecbe37c4c95e4ac25e88908ed486990b62c59
lstm_gru_f3_f4_point_estimate_pivot.csv,331,3d55a5f275c760cac05a5bd54454872e01c09ac95a780aca8963fe409be04f99
lstm_validation_f3_f4_summary.csv,251,4e21818afc3d616bc1a47a43e4a648b1b6990da0e7f4eb4e3c666387072838e1
notebook11_publication_architecture_summary.csv,198,876e4c31abbca64fbfc2c553012d2286264e8ddde7575f31dd1f993b5ad75aad
notebook11_publication_condition_summary.csv,465,d0a1f1fbd0b24dd91f79c24c12ddfe8461a9ebdba87cfa9738479b637fdb20ac
notebook11_publication_f3_f4_table.csv,697,1fa895d7eb915a6e9cb016e9f6453f3a14995661cd806ae302768f7f39e28e96
notebook11_publication_key_findings.csv,839,29d8d77fb7c2f2dadabf59866eb554c712278238c14583b4f77fbb5b5e7d3495
notebook11_publication_results_summary.md,5907,2fca237327bde85cca4351e1f6f1b2f6d62535d753d022f8bea1338d42dbb91c
tcn_all_vs_daylight_f3_f4_comparison.csv,278,fee191f079874922a340fa6bb1cc31487f6233441becb7ef76f0efdd943314dc
tcn_architecture_selection_60min_F0.csv,946,0e26ed20ab11e0b2e5383c9a0d31022df22c6f46afa719cbaa7a5582b2124cc5
tcn_architecture_selection_60min_F0_histories.csv,2290,0609d149d8a4de9836c40ed37d76b4563ba910022f9429156da7dd28b1d4b2aa
tcn_candidate_grid.json,1015,d1b7cbb7711cf5e40fae7753a053501afc82d55e6a75434327436b84c8630aab
tcn_causality_probe.csv,310,7403b59bba314cb789098f8bb74651fe14b8e4f6b83105acca4df729c1ab4d69
tcn_daylight_f3_f4_metrics.csv,897,ac024ad4271c3876d43adabf8854e6a7ad6cd91ec2da84adddb9ea83f4fe5410
tcn_daylight_f3_f4_summary.csv,664,41c3b62941be8a2815cc6f2830cd271d470ecbda54fb8d94c7ccc68c2a88557e
tcn_f3_f4_paired_utc_day_block_bootstrap.csv,1938,7431f72bf6615e767bd3d1390d0e31faf8b65446a1a591f97f3b35713d43f8c7
tcn_f3_f4_paired_utc_day_block_bootstrap_replicates.csv,5698059,2060a1a169bcdbf2265d22a43d36ae878f556d8e4f918ace2c005cf9a81036ee
tcn_final_15min_F0_history.csv,184,9b092732342f85aac577928bc797e9df6fc2fd87e9abd4d5db0184644ef884dd
tcn_final_15min_F0_predictions.csv,1041581,8aea93342a9d60958f026cb7e39d99a6ea599a7b6e4da511ab3819949f9ff6db
tcn_final_15min_F0_result.csv,454,ec26d3c1de98f7cf7b9a7a009634d60eea16829e265ca0e61a533a606b0af309
tcn_final_15min_F1_history.csv,97,1520dcacc04bc26c1f9e4cd02bb86c6e461ce8e3449c2d445ea3877fb0f6896e
tcn_final_15min_F1_predictions.csv,1060099,b94fadc209059e035fa2187d17d89dd64a11bceda451edc096eb0edf352c6903
tcn_final_15min_F1_result.csv,458,0bde9b21430e23195347be4c6071f0be3f9ae2249f85d78b8711f8204527e087
tcn_final_15min_F2_history.csv,203,4d05a54797b7f07985c2aeb0d885966a05f2b3911e6f51b8d2c1b7ff1d5d9788
tcn_final_15min_F2_predictions.csv,1066256,3cc332910c0c761e50e28cfd4cee9093ef1310131668db5e9b509cbe0e47f6c0
tcn_final_15min_F2_result.csv,457,651e2cc29a3d5add88b17270a4771a7cee2cc3c5ab95a52fe6296577ec14fe34
tcn_final_15min_F3_history.csv,354,41b157a232e1ea82d190d1740d152a461ec1f4c027d789912b53847b44412d0f
tcn_final_15min_F3_predictions.csv,1054250,29bedf5650d80814c3dd6ae0756bc5daf7af0595973972303697504545a9c495
tcn_final_15min_F3_result.csv,458,982a4a3be036319748d3c512726f4f2aa8a65ef30dea670bc0a5a6baa774f946
tcn_final_15min_F4_history.csv,97,041db631b975608e3ef75a67341723fbf706b21b82ff317fa9a51645c5efb33e
tcn_final_15min_F4_predictions.csv,1056243,8b316a0dbae4afc09d457de7f057b11702ff46249cd955f1b5f48b423346f995
tcn_final_15min_F4_result.csv,457,68e1e4943d6d502a7da693187d191aef5dcbb3cefa436945edd7bdc2fa3ba2bf
tcn_final_15min_ablation.csv,370,3ee447cc293e9394c5097b357e509fe58d3df49e2862347031f8ebbf40e51d2b
tcn_final_30min_F0_history.csv,121,fa24b28ac45e98c01976f78751574da1d7b57d369d0d51961d1620ad15013855
tcn_final_30min_F0_predictions.csv,1047943,67057aba352b8fa5596df720f1e4b5ebf5b5183203a30ec89872bdb1cdb45d81
tcn_final_30min_F0_result.csv,456,825d4ae38702cf12b454c3e7fd094fc1cf52511743ef68b733e26d54eb897972
tcn_final_30min_F1_history.csv,204,dfd506c6515a665ff1b57750917d8d2792688d94746754872b96b1e1a704340f
tcn_final_30min_F1_predictions.csv,1043036,3bb754f4e9f8c8f58e1abce9a57280023b71e1b824763058daaeab98122f62a1
tcn_final_30min_F1_result.csv,456,2b7ad408ebef6d959f52fc274e1118d9371aee39aa9e81a24866bb9bfc99c911
tcn_final_30min_F2_history.csv,119,d736f41a410c90d4e5ce7f045771d4c8516827c58b4644c0cde1b933dc7ac500
tcn_final_30min_F2_predictions.csv,1059711,0ee206ab81687be27ec1fd513d1dd06c1b6a94b5082a034ee18d6594e22a9071
tcn_final_30min_F2_result.csv,455,6e7e2797d8504fd66dde4ade4955038f55561c43668fc5eab8edf0b0913773a5
tcn_final_30min_F3_history.csv,271,a510e7f81ca910b91e9f8ba55f84856db6ecd5d9778eb71ef4d9c8ddefb712f5
tcn_final_30min_F3_predictions.csv,1053559,b404f2c7884302414bc7c92d06e3f0a39f955d991dc0e83e8d3aab2853db4b52
tcn_final_30min_F3_result.csv,459,7a12357ca8c906f8151921125ea208042b59a7968790e9a5028c462f968d20cc
tcn_final_30min_F4_history.csv,33,f4773cb57903db944d1352ca67ab8ba8b393b0bbdbbbfb5db02ed692de7b06cf
tcn_final_30min_F4_predictions.csv,1047422,2340fc5e1d22e2bc5b8ae907c4fa98128c2ef3fbc5ed50529533313cec916a09
tcn_final_30min_F4_result.csv,458,086b83261b79668b0079ed231f090837467b5c361c1db1f25822898951fe2e08
tcn_final_30min_ablation.csv,373,a9937d0070d8e3c12a1379ec30fe0bbf52fcfdd0346f26797bb0fcb9b71d4c3b
tcn_final_60min_F0_history.csv,228,5bdf93270ae41f71ae908ead71e35af3087e7fdffca125450ea771f6ce6f4b58
tcn_final_60min_F0_predictions.csv,1046226,f4332fd4f9c7da68009a3218970f8b211d6940c1b0b4a80294e24ead1e6c0f8f
tcn_final_60min_F0_result.csv,457,0153b896c5207ae2d24a2f44bed83152c746da69bf8aad9fe7f6ebed3c1faded
tcn_final_60min_F1_history.csv,163,156a042a21e09317c61ae7e3c8a0fd975998798c1b9aa3e503af97723e4ff57b
tcn_final_60min_F1_predictions.csv,1058800,034af6e2819aa4bf26a1c6d8456df995eaf7fe24bca0194c6ff9ad119fce34cf
tcn_final_60min_F1_result.csv,457,b96a6cf8384e6c4da08e0dc77da29e0a8210d36db33881012d64c43829df1c6a
tcn_final_60min_F2_history.csv,204,84d9e99ec42be0980d1d161387e93c6b2dc0dff25f500801d825df6a3223bf9b
tcn_final_60min_F2_predictions.csv,1043955,6faa9f1a471c9a69c4b674ba5d8b176ccf8b989f3f1241e6143374ebf69d11cb
tcn_final_60min_F2_result.csv,460,2476fbde0bef2794799ac86ad1d2986239f5aa35d1ffce7c1e1a7929fd07325f
tcn_final_60min_F3_history.csv,200,e28887c7debc1c09c60fe570c2467502db5d1ac8f24178f8517726a28e9b7660
tcn_final_60min_F3_predictions.csv,1056304,6cee6e3982439ec0991758fea1aca4e782a1bdfd60d2546c913137b778458ad1
tcn_final_60min_F3_result.csv,457,2d920ff50b80a0cbd33a3e36693ef9e364c5474aa617782ef9c8f042f9f3fa92
tcn_final_60min_F4_history.csv,33,829a05928bb14eca2916a7ffc6eb10a7df8953fb9216064b2b4a8096f075219f
tcn_final_60min_F4_predictions.csv,1060983,1da4190a18e8d285fd87ed14c99539d49f1666232b9fe3e853b0e63daba9f27a
tcn_final_60min_F4_result.csv,458,c8b5d82200ace541cc4123535983787c1009f5dd9d067e1c8baa6a93ec10f6ae
tcn_final_60min_ablation.csv,432,17612e0cbcfc14a5ba71fb7ac22f5c0cd69a2f23a8915f444184e7a2be696ccd
tcn_final_all_test_results.csv,3077,e6ebb55f3333a90a0cc692c159019342a67b4582221479245c0eeddad68c4a75
tcn_final_f3_f4_summary.csv,332,75e3955b084bb34b90a018fd560949524500e640792d0c39ba21a58cdbab81d5
tcn_frozen_epochs.json,215,21f3fbbf35c887184449d6bda0d359e536360cf3051168cc4bcb8d23c505ebda
tcn_frozen_final_refit_protocol.csv,2391,bc701d6160dfcf56f51482bb3c6da081097b0779f5beeba62e3ef6496ac9af96
tcn_frozen_final_refit_protocol.json,1993,73513ca1035564c7cec98306d5f24b62a9396209058dd1e887ed76134b8d7810
tcn_preflight_candidates.csv,543,922847f5cea4f034c4b3b4a206bb7a2666b5f76faa30a8bf352a43884dae3f47
tcn_preflight_protocol.json,2171,3fc06a149e1e7821b0666aadf2175cc7e589e0e5762cde159e54ce140d42efa2
tcn_selected_architecture.json,1011,952b8546a4dee0a40832f9c084b52e581dfacfdb27b77134cd377fcbcb0c2ce0
tcn_validation_epoch_selection.csv,2505,ccdd5d120e2a3e9722a95c6247fc10def6b7cdcaa4c6d39c2262ad4ba68017a0
tcn_validation_epoch_selection_histories.csv,18703,902fddba63501b8192af0c2ba0d123f77408e950f6bf3d309028d22f0eeeac4c
tcn_validation_f3_f4_summary.csv,394,3a6b5b49eca085f1ea7df6072d5b0fc67f4ed8ca5da3dd44c48cfc5afddbb7a3
tcn_validation_prepared_data_sources.json,1888,1d7efc9aed4d4b7ff488e0a7bee42a354e81e873dd864ffb0a27ab84a155aaee
