model,horizon_minutes,comparator,comparator_type,scope,n_rows,n_utc_days,F4_real_MAE_kW,comparator_MAE_kW,delta_MAE_comparator_minus_F4_real_kW,relative_F4_real_MAE_reduction_vs_comparator_percent,ci95_low_kW,ci95_high_kW,evidence_class,bootstrap_replicates,bootstrap_seed
LSTM,15,F3,baseline_F3,all,26496,92,0.32773992121939144,0.3257923464187911,-0.0019475748006003157,-0.5977963638522059,-0.009221737498773308,0.005539174579777403,CI_crosses_zero,10000,42
LSTM,15,F3,baseline_F3,daylight,17851,92,0.4396716965654996,0.45105308570238484,0.011381389136885245,2.5232926007283645,0.001519693830603465,0.02154440997660922,F4_real_lower_MAE,10000,42
LSTM,30,F3,baseline_F3,all,26496,92,0.37095596748897447,0.38586169953200017,0.014905732043025699,3.8629726819491035,0.009769920839833636,0.019979632486186706,F4_real_lower_MAE,10000,42
LSTM,30,F3,baseline_F3,daylight,17851,92,0.5320721368309814,0.5258639349838802,-0.006208201847101247,-1.1805718997047312,-0.011576592119727037,-0.0010221158804568243,comparator_lower_MAE,10000,42
LSTM,60,F3,baseline_F3,all,26496,92,0.4699862824999004,0.4688066434515403,-0.0011796390483601038,-0.2516259240003797,-0.009381233358726638,0.007294889164867762,CI_crosses_zero,10000,42
LSTM,60,F3,baseline_F3,daylight,17851,92,0.6490626167276959,0.6516383100557589,0.0025756933280629557,0.3952642575361416,-0.00882451066945301,0.014131115021710161,CI_crosses_zero,10000,42
TCN,15,F3,baseline_F3,all,26496,92,0.40755232778972367,0.4385220206777155,0.03096969288799184,7.062289104690709,0.010855241659674223,0.050991404369047096,F4_real_lower_MAE,10000,42
TCN,15,F3,baseline_F3,daylight,17851,92,0.5469653507721705,0.5394638785441093,-0.00750147222806119,-1.3905420782399673,-0.031139134769441513,0.015825385457233297,CI_crosses_zero,10000,42
TCN,30,F3,baseline_F3,all,26496,92,0.6016308361303987,0.5424790340638187,-0.059151802066579995,-10.90397938948203,-0.08933922480810448,-0.029782950799498702,comparator_lower_MAE,10000,42
TCN,30,F3,baseline_F3,daylight,17851,92,0.6797316039535429,0.6781169357751632,-0.0016146681783797412,-0.23811058140496014,-0.030651133648249472,0.02641595272701837,CI_crosses_zero,10000,42
TCN,60,F3,baseline_F3,all,26496,92,0.6021025226417912,0.6874912687741968,0.08538874613240555,12.420338993490706,0.0447080296640585,0.12983185440199804,F4_real_lower_MAE,10000,42
TCN,60,F3,baseline_F3,daylight,17851,92,0.7283520988134143,0.7619891866480984,0.03363708783468411,4.41437863214959,0.0009315322922597443,0.07027666175362532,F4_real_lower_MAE,10000,42
