execution_protocol,model,horizon_minutes,variant,auxiliary_dim,trainable_parameter_count,n_train,n_validation,n_trainval,n_test,frozen_epochs,batch_size,seed,shuffle,validation_data_used,callbacks_used,prediction_clipping,scaler_policy,refit_population,MAE_kW,RMSE_kW,R2,daylight_rows,daylight_MAE_kW,daylight_RMSE_kW,daylight_R2,fit_seconds,predict_seconds
phase2_common_current_environment_v1,LSTM,15,F3,30,7425,87261,17568,104829,26496,7,256,42,True,False,False,False,original_train_only_scalers,train_plus_validation,0.3257923464187911,0.6355376622597563,0.8517587767669506,17851,0.4510530857023848,0.772431709061854,0.8001026409534878,43.9293177081272,0.5800058329477906
phase2_common_current_environment_v1,LSTM,15,F4_real,127,10529,87261,17568,104829,26496,7,256,42,True,False,False,False,original_train_only_scalers,train_plus_validation,0.3277399212193915,0.6307260610683292,0.8539949229673974,17851,0.4396716965654995,0.7636560187615933,0.8046189554521181,47.726396875455976,0.7268739170394838
phase2_common_current_environment_v1,LSTM,15,F4_reference,122,10369,87261,17568,104829,26496,7,256,42,True,False,False,False,original_train_only_scalers,train_plus_validation,0.2939251597506624,0.6202604740061871,0.858800025240968,17851,0.4118195324735161,0.7544742156652555,0.8092890306510656,50.91611179197207,0.7350188326090574
phase2_common_current_environment_v1,LSTM,15,F4_shift_17d,127,10529,87261,17568,104829,26496,7,256,42,True,False,False,False,original_train_only_scalers,train_plus_validation,0.2996651727945929,0.6150699065424171,0.8611533635683611,17851,0.4136217441433774,0.7473453370837532,0.8128759849324174,49.975231792312115,0.7123215417377651
phase2_common_current_environment_v1,LSTM,15,F4_shift_37d,127,10529,87261,17568,104829,26496,7,256,42,True,False,False,False,original_train_only_scalers,train_plus_validation,0.3138146550597943,0.6440737446326544,0.8477498963105469,17851,0.4341003131137436,0.7823478041672793,0.7949373313002716,50.03762087505311,0.7225499590858817
phase2_common_current_environment_v1,LSTM,15,F4_shift_61d,127,10529,87261,17568,104829,26496,7,256,42,True,False,False,False,original_train_only_scalers,train_plus_validation,0.3380667779982304,0.6412672980152666,0.8490738157734655,17851,0.4498527617488307,0.77535846066375,0.7985849448543549,50.00005508307368,0.7049281247891486
phase2_common_current_environment_v1,LSTM,15,F4_perm_1301,127,10529,87261,17568,104829,26496,7,256,42,True,False,False,False,original_train_only_scalers,train_plus_validation,0.3169641031407409,0.6255494570325477,0.8563817241739786,17851,0.4276936592334922,0.758476773228493,0.8072601835669082,50.09805633267388,0.7352444999851286
phase2_common_current_environment_v1,LSTM,15,F4_perm_1302,127,10529,87261,17568,104829,26496,7,256,42,True,False,False,False,original_train_only_scalers,train_plus_validation,0.2938954821655601,0.6229595797381909,0.857568468827897,17851,0.413645704855259,0.7578737060640185,0.8075665577348667,49.91503966599703,0.7190197501331568
phase2_common_current_environment_v1,LSTM,15,F4_perm_1303,127,10529,87261,17568,104829,26496,7,256,42,True,False,False,False,original_train_only_scalers,train_plus_validation,0.2983614594001873,0.6266191952685941,0.8558901073327196,17851,0.4180605190356505,0.7621521988629066,0.8053877010570047,50.01164133287966,0.7056145002134144
phase2_common_current_environment_v1,LSTM,30,F3,30,7425,87258,17568,104826,26496,1,256,42,True,False,False,False,original_train_only_scalers,train_plus_validation,0.3858616995320001,0.7275310716962018,0.8057372654399746,17851,0.5258639349838802,0.8831700085653126,0.7386782883826497,8.666014083195478,0.7017577919177711
phase2_common_current_environment_v1,LSTM,30,F4_real,127,10529,87258,17568,104826,26496,1,256,42,True,False,False,False,original_train_only_scalers,train_plus_validation,0.3709559674889744,0.7391488134030451,0.7994834730703206,17851,0.5320721368309814,0.8999068540242252,0.7286798876363595,8.630510000046343,0.7296301661990583
phase2_common_current_environment_v1,LSTM,30,F4_reference,122,10369,87258,17568,104826,26496,1,256,42,True,False,False,False,original_train_only_scalers,train_plus_validation,0.3668066253514558,0.7244922672083255,0.8073566976081479,17851,0.5165018749708857,0.8813553913793233,0.7397510415441553,8.658606791868806,0.7189004588872194
phase2_common_current_environment_v1,LSTM,30,F4_shift_17d,127,10529,87258,17568,104826,26496,1,256,42,True,False,False,False,original_train_only_scalers,train_plus_validation,0.3675250335149808,0.7291051421443608,0.8048957508035817,17851,0.5204677706023576,0.887184062113535,0.7362974486329038,8.688417833298445,0.712713707704097
phase2_common_current_environment_v1,LSTM,30,F4_shift_37d,127,10529,87258,17568,104826,26496,1,256,42,True,False,False,False,original_train_only_scalers,train_plus_validation,0.3696174996078252,0.7254964482022405,0.8068223018216315,17851,0.5198320424007008,0.8825004531771478,0.7390743684891479,8.6719243330881,0.7158362092450261
phase2_common_current_environment_v1,LSTM,30,F4_shift_61d,127,10529,87258,17568,104826,26496,1,256,42,True,False,False,False,original_train_only_scalers,train_plus_validation,0.3731105368833372,0.722942283426291,0.8081801007026842,17851,0.5139304595288208,0.8782977706861494,0.7415536340130221,8.705214958637953,0.7285724156536162
phase2_common_current_environment_v1,LSTM,30,F4_perm_1301,127,10529,87258,17568,104826,26496,1,256,42,True,False,False,False,original_train_only_scalers,train_plus_validation,0.3717312839900415,0.7289104053083114,0.804999957750103,17851,0.523978385770461,0.8866711378857441,0.7366022790131512,8.734789709094912,0.7018866250291467
phase2_common_current_environment_v1,LSTM,30,F4_perm_1302,127,10529,87258,17568,104826,26496,1,256,42,True,False,False,False,original_train_only_scalers,train_plus_validation,0.3736715072001207,0.7175031572136061,0.8110555939728212,17851,0.5132063426838479,0.8715286350247121,0.7455220304680736,8.723067957907915,0.7352045839652419
phase2_common_current_environment_v1,LSTM,30,F4_perm_1303,127,10529,87258,17568,104826,26496,1,256,42,True,False,False,False,original_train_only_scalers,train_plus_validation,0.3788199889549375,0.7321141163175049,0.8032820602628794,17851,0.5247898998459847,0.8897900950074451,0.7347459625862649,8.804712708108127,0.6932847080752254
phase2_common_current_environment_v1,LSTM,60,F3,30,7425,87252,17568,104820,26496,2,256,42,True,False,False,False,original_train_only_scalers,train_plus_validation,0.4688066434515403,0.8498319638753717,0.7349349125870643,17851,0.6516383100557587,1.0326105657070752,0.6427600680238994,15.66485591698438,0.676903999876231
phase2_common_current_environment_v1,LSTM,60,F4_real,127,10529,87252,17568,104820,26496,2,256,42,True,False,False,False,original_train_only_scalers,train_plus_validation,0.4699862824999004,0.8422739386840569,0.7396286877351741,17851,0.6490626167276959,1.0230781050056446,0.6493252872860376,15.66170870885253,0.7132280417717993
phase2_common_current_environment_v1,LSTM,60,F4_reference,122,10369,87252,17568,104820,26496,2,256,42,True,False,False,False,original_train_only_scalers,train_plus_validation,0.5085423528364897,0.862118677981647,0.7272149819576662,17851,0.685945884387286,1.0442049146467025,0.634692713400125,15.747908667195588,0.7034856667742133
phase2_common_current_environment_v1,LSTM,60,F4_shift_17d,127,10529,87252,17568,104820,26496,2,256,42,True,False,False,False,original_train_only_scalers,train_plus_validation,0.4743687072949613,0.809291261935456,0.7596212302198251,17851,0.6427563347519306,0.9799673497381712,0.6782562779598071,15.749024624936284,0.7193614998832345
phase2_common_current_environment_v1,LSTM,60,F4_shift_37d,127,10529,87252,17568,104820,26496,2,256,42,True,False,False,False,original_train_only_scalers,train_plus_validation,0.4898988914968767,0.8585735087875035,0.7294538400089725,17851,0.6698547150782753,1.041447744689558,0.6366193171013745,15.79851920902729,0.6991330003365874
phase2_common_current_environment_v1,LSTM,60,F4_shift_61d,127,10529,87252,17568,104820,26496,2,256,42,True,False,False,False,original_train_only_scalers,train_plus_validation,0.5006341869019153,0.8741268768429504,0.7195629738071986,17851,0.6790423318691575,1.0598298013093634,0.6236784198708862,16.26493658311665,0.7859187079593539
phase2_common_current_environment_v1,LSTM,60,F4_perm_1301,127,10529,87252,17568,104820,26496,2,256,42,True,False,False,False,original_train_only_scalers,train_plus_validation,0.4762236550593035,0.8712705948245901,0.7213926820054424,17851,0.6800142265555115,1.0604575211020726,0.6232325096692167,15.821788125205783,0.7000376670621336
phase2_common_current_environment_v1,LSTM,60,F4_perm_1302,127,10529,87252,17568,104820,26496,2,256,42,True,False,False,False,original_train_only_scalers,train_plus_validation,0.4738742016074413,0.8683359380264367,0.7232663591289497,17851,0.6732600828589832,1.0565986541320005,0.6259695365211804,15.81075845938176,0.7206182922236621
phase2_common_current_environment_v1,LSTM,60,F4_perm_1303,127,10529,87252,17568,104820,26496,2,256,42,True,False,False,False,original_train_only_scalers,train_plus_validation,0.5131002841438487,0.8226783227509156,0.7516029043464068,17851,0.7024764973021823,0.9958052382305967,0.6677724205438202,15.815386542119086,0.6996370409615338
phase2_common_current_environment_v1,TCN,15,F3,30,18785,87261,17568,104829,26496,4,256,42,True,False,False,False,original_train_only_scalers,train_plus_validation,0.4385220206777155,0.6734738508078221,0.8335331040569174,17851,0.5394638785441094,0.7988687143699825,0.7861852330895822,81.58594370819628,2.2045323750935495
phase2_common_current_environment_v1,TCN,15,F4_real,127,21889,87261,17568,104829,26496,4,256,42,True,False,False,False,original_train_only_scalers,train_plus_validation,0.4075523277897236,0.7102244294735833,0.8148696514341768,17851,0.5469653507721705,0.8583716636842897,0.7531474522640441,82.86849145777524,2.320157750044018
phase2_common_current_environment_v1,TCN,15,F4_reference,122,21729,87261,17568,104829,26496,4,256,42,True,False,False,False,original_train_only_scalers,train_plus_validation,0.3049350136336829,0.6054105948786561,0.8654801297862447,17851,0.4223876804766484,0.7355327121495564,0.8187446418362493,83.21246491698548,2.3594564581289887
phase2_common_current_environment_v1,TCN,15,F4_shift_17d,127,21889,87261,17568,104829,26496,4,256,42,True,False,False,False,original_train_only_scalers,train_plus_validation,0.3586632207117655,0.6602605695871925,0.8400010509196616,17851,0.4926982640432228,0.8012705472782264,0.7848976138971095,83.20072137517855,2.2562384591437876
phase2_common_current_environment_v1,TCN,15,F4_shift_37d,127,21889,87261,17568,104829,26496,4,256,42,True,False,False,False,original_train_only_scalers,train_plus_validation,0.5414159008030802,0.8195876980176936,0.7534657470654245,17851,0.687898384871204,0.9794260993755036,0.6786115873793872,83.59121170919389,2.2944755000062287
phase2_common_current_environment_v1,TCN,15,F4_shift_61d,127,21889,87261,17568,104829,26496,4,256,42,True,False,False,False,original_train_only_scalers,train_plus_validation,0.4165022019771845,0.6553711176741023,0.8423619689557641,17851,0.4908077619693208,0.7694373399070108,0.8016494606735526,84.48079258389771,2.321403750218451
phase2_common_current_environment_v1,TCN,15,F4_perm_1301,127,21889,87261,17568,104829,26496,4,256,42,True,False,False,False,original_train_only_scalers,train_plus_validation,0.4098630536238443,0.6977703218831416,0.8213054146145408,17851,0.5415133016152274,0.8403394751517952,0.7634099917964442,77.7232999172993,1.986680957954377
phase2_common_current_environment_v1,TCN,15,F4_perm_1302,127,21889,87261,17568,104829,26496,4,256,42,True,False,False,False,original_train_only_scalers,train_plus_validation,0.338748872670442,0.6269423593202827,0.8557414264556047,17851,0.4597904810718082,0.7600851514996915,0.8064418929470201,73.06571558397263,2.001055957749486
phase2_common_current_environment_v1,TCN,15,F4_perm_1303,127,21889,87261,17568,104829,26496,4,256,42,True,False,False,False,original_train_only_scalers,train_plus_validation,0.470011250484051,0.6880454587598035,0.8262516571230825,17851,0.538663848268864,0.8014808529956472,0.784784685253001,82.45145400008187,2.305281000211835
phase2_common_current_environment_v1,TCN,30,F3,30,18785,87258,17568,104826,26496,1,256,42,True,False,False,False,original_train_only_scalers,train_plus_validation,0.5424790340638188,0.8251317207999358,0.7501191514940554,17851,0.6781169357751632,0.9812493206030524,0.6774139317998724,23.79892512504011,2.3264242922887206
phase2_common_current_environment_v1,TCN,30,F4_real,127,21889,87258,17568,104826,26496,1,256,42,True,False,False,False,original_train_only_scalers,train_plus_validation,0.6016308361303986,0.873219419595957,0.7201449317001314,17851,0.6797316039535429,0.9769298122088456,0.6802477605995966,23.581686375197023,2.3789429999887943
phase2_common_current_environment_v1,TCN,30,F4_reference,122,21729,87258,17568,104826,26496,1,256,42,True,False,False,False,original_train_only_scalers,train_plus_validation,0.7635605117059331,0.9960206317128788,0.635897991384842,17851,0.7317667070794711,0.9998535252978088,0.6650656935524222,20.72115591680631,2.041007500141859
phase2_common_current_environment_v1,TCN,30,F4_shift_17d,127,21889,87258,17568,104826,26496,1,256,42,True,False,False,False,original_train_only_scalers,train_plus_validation,0.4227619696641542,0.719921279741136,0.8097798905155792,17851,0.5496631135324872,0.8654271262694688,0.7490727213540468,20.13217804208398,1.920658125076443
phase2_common_current_environment_v1,TCN,30,F4_shift_37d,127,21889,87258,17568,104826,26496,1,256,42,True,False,False,False,original_train_only_scalers,train_plus_validation,0.5166324816808089,0.8246391520642341,0.7504173990409697,17851,0.6500064405738281,0.9842548118295842,0.6754347928090023,20.064838708844036,2.0328718749806285
phase2_common_current_environment_v1,TCN,30,F4_shift_61d,127,21889,87258,17568,104826,26496,1,256,42,True,False,False,False,original_train_only_scalers,train_plus_validation,0.5090369716326208,0.790129137445269,0.7708696805201942,17851,0.5945625498265702,0.9199373960543482,0.716467128512181,20.137975875288248,2.0314529999159276
phase2_common_current_environment_v1,TCN,30,F4_perm_1301,127,21889,87258,17568,104826,26496,1,256,42,True,False,False,False,original_train_only_scalers,train_plus_validation,0.5473065903482842,0.921042191206747,0.6886524479914056,17851,0.7420689516643086,1.1142356400902906,0.5840501609435931,20.151705207768828,1.9479580000042915
phase2_common_current_environment_v1,TCN,30,F4_perm_1302,127,21889,87258,17568,104826,26496,1,256,42,True,False,False,False,original_train_only_scalers,train_plus_validation,0.4516443540576997,0.7552864496408932,0.7906322469828594,17851,0.5766672724315329,0.9031762000417988,0.726704904060825,19.904598833993077,1.9635574580170216
phase2_common_current_environment_v1,TCN,30,F4_perm_1303,127,21889,87258,17568,104826,26496,1,256,42,True,False,False,False,original_train_only_scalers,train_plus_validation,0.450809962190004,0.719984552022856,0.8097464530007048,17851,0.5627689888440803,0.8568606550798068,0.7540157661728881,19.8198430002667,1.981020625215024
phase2_common_current_environment_v1,TCN,60,F3,30,18785,87252,17568,104820,26496,1,256,42,True,False,False,False,original_train_only_scalers,train_plus_validation,0.6874912687741966,0.9880230998329932,0.6417216193935216,17851,0.7619891866480984,1.0814344959671385,0.6081793627934169,20.180290041025728,1.994870124850422
phase2_common_current_environment_v1,TCN,60,F4_real,127,21889,87252,17568,104820,26496,1,256,42,True,False,False,False,original_train_only_scalers,train_plus_validation,0.6021025226417912,0.9075910800442076,0.6976800246462083,17851,0.7283520988134145,1.071609246558767,0.6152667034183144,20.3222476253286,1.9989758748561144
phase2_common_current_environment_v1,TCN,60,F4_reference,122,21729,87252,17568,104820,26496,1,256,42,True,False,False,False,original_train_only_scalers,train_plus_validation,0.8247881289520422,1.193026872691118,0.4776196187388467,17851,1.0376669959087357,1.4108542173466283,0.3331146907294169,21.877730957698077,2.133561583701521
phase2_common_current_environment_v1,TCN,60,F4_shift_17d,127,21889,87252,17568,104820,26496,1,256,42,True,False,False,False,original_train_only_scalers,train_plus_validation,0.6281685109140472,0.9246517996698206,0.6862072940858881,17851,0.7500057120073136,1.0763839688277343,0.6118305868433749,20.582107957918197,1.9676172090694308
phase2_common_current_environment_v1,TCN,60,F4_shift_37d,127,21889,87252,17568,104820,26496,1,256,42,True,False,False,False,original_train_only_scalers,train_plus_validation,0.5915660677747855,0.8695906932176316,0.7224660148496949,17851,0.7138233592595881,1.0191420038568624,0.6520184070530753,20.23994562542066,2.089703541714698
phase2_common_current_environment_v1,TCN,60,F4_shift_61d,127,21889,87252,17568,104820,26496,1,256,42,True,False,False,False,original_train_only_scalers,train_plus_validation,0.5274360473757238,0.8706540067723952,0.7217868767805073,17851,0.6935600100139497,1.047406919427339,0.6324488834766111,20.136859208345413,1.9468726674094796
phase2_common_current_environment_v1,TCN,60,F4_perm_1301,127,21889,87252,17568,104820,26496,1,256,42,True,False,False,False,original_train_only_scalers,train_plus_validation,0.5318142297515114,0.8310318256684771,0.7465328288548141,17851,0.6880627549938395,0.9964274372359532,0.6673571259855244,27.85648641595617,2.2489087912254035
phase2_common_current_environment_v1,TCN,60,F4_perm_1302,127,21889,87252,17568,104820,26496,1,256,42,True,False,False,False,original_train_only_scalers,train_plus_validation,0.498446317064992,0.8292930803306945,0.7475923642435633,17851,0.6475572950164808,0.9957308042257582,0.6678220850848171,23.279091250151396,1.9930930421687665
phase2_common_current_environment_v1,TCN,60,F4_perm_1303,127,21889,87252,17568,104820,26496,1,256,42,True,False,False,False,original_train_only_scalers,train_plus_validation,0.5464627163436037,0.8421271813606447,0.7397194137238594,17851,0.6731218338822795,0.9993773874772258,0.6653846141044852,21.04505233420059,2.034404749982059
