horizon_minutes,feature_family,n_features,n_estimators,max_features,min_samples_leaf,max_depth,validation_mae,validation_rmse
15,F0,118,300,0.5,3,None,0.2758396361321829,0.5957525658762308
15,F1,133,300,0.5,3,None,0.25678865625382724,0.578272596285303
15,F2,138,300,1.0,3,30,0.25586848424514574,0.577323736493238
15,F3,147,300,1.0,3,30,0.2553764141350846,0.5760796037373559
15,F4,244,300,1.0,3,30,0.25761417405226716,0.5798300584217423
30,F0,118,300,1.0,3,None,0.3389812167088785,0.6738670263982838
30,F1,133,300,0.5,3,None,0.3072636810232968,0.6388574102812851
30,F2,138,300,1.0,3,None,0.3068289613739121,0.6382226027215651
30,F3,147,300,0.5,3,30,0.3082650984323502,0.6378258928981099
30,F4,244,300,0.5,3,30,0.30814711159335934,0.6413380754755147
60,F0,118,300,1.0,3,None,0.44604823894105927,0.7971126857437592
60,F1,133,300,0.5,3,30,0.36818544974657363,0.7176654463682638
60,F2,138,300,1.0,3,None,0.3677767365738547,0.7213993233217392
60,F3,147,300,0.5,3,30,0.36930474760996146,0.7168828682363658
60,F4,244,300,0.5,3,30,0.3746573999457742,0.7267741762580785
