filename,size_bytes,sha256
lightgbm_bootstrap_distributions.csv.gz,1303311,d5f0495ac17d40d545a9bb29e2f92285cf3bc0635132681e9fc37c8e1ec88312
lightgbm_bootstrap_summary.csv,1504,a67708b9337215c95f1d725f7f06628d5c496f6304d7ea6ce2264173a6278430
lightgbm_f3_f4_test_summary.csv,492,b6611669e5b0ce365e5e82e4b9e2b6077a6df74b5cafa045357186adb02cdc1f
lightgbm_final_test_results.csv,4437,c71b7d4bd72830190f0e20679861182953a71bd7c4812a86b80c6d5bed4b3201
lightgbm_frozen_selection.csv,1267,0f07119d62e6176813b423bfbe538b147ba2c0ebffacbfc9f10bd1def48a5108
lightgbm_protocol.json,2519,1d9d25ec5d34b92ac87068d46c104357abb1c7666f77e10b18e264e2a73454ea
lightgbm_selected_configs.json,7169,1843a8178bf7ee5c31a86b301b7da2ed35bbb05a5b3fe655fd0410d2e9598a66
lightgbm_test_predictions_15min.csv,7062387,dfb1487074807e71da16750330549d24c61ce3375533390d8d1b8f175501c5a9
lightgbm_test_predictions_30min.csv,7028478,ec7aea054fee5dc46da579fb7f0ca575f8b26c4a77cb8346582530962ef0b471
lightgbm_test_predictions_60min.csv,7018943,df91c2a778b2880ecdd2ebefdff8ae3548b2e9f3727096c98b3082160a4a8abf
lightgbm_validation_summary.csv,1285,4e78cfeef5e50934e07b97d3ed35d358caec6dff0fb3331f55db31daf60a86c9
