horizon_minutes,feature_family,n_features,n_estimators,learning_rate,num_leaves,subsample,subsample_freq,colsample_bytree,min_child_samples,validation_mae,validation_rmse
15,F0,118,300,0.03,31,0.8,1,0.8,20,0.28261201141027903,0.6077593710784291
15,F1,133,300,0.03,15,0.8,1,0.8,20,0.26446127242253603,0.5833560584633894
15,F2,138,300,0.03,31,0.8,1,0.8,20,0.2681883846366148,0.58463746504452
15,F3,147,300,0.03,31,0.8,1,0.8,20,0.268416106663904,0.583244789045758
15,F4,244,300,0.03,15,0.8,1,0.8,20,0.26953138199384785,0.583487976009674
30,F0,118,300,0.03,31,0.8,1,0.8,20,0.35182081734714643,0.7003364277639352
30,F1,133,300,0.03,15,0.8,1,0.8,20,0.31049477501479233,0.6403719061135197
30,F2,138,300,0.03,15,0.8,1,0.8,20,0.3105199890647684,0.642112224492222
30,F3,147,300,0.03,15,0.8,1,0.8,20,0.31420833051316605,0.6430836970514776
30,F4,244,300,0.03,15,0.8,1,0.8,20,0.31596607733784954,0.6450938295632191
60,F0,118,300,0.03,31,0.8,1,0.8,20,0.44650656986330634,0.816261059507079
60,F1,133,300,0.03,31,0.8,1,0.8,20,0.3680572240671563,0.7177818631750083
60,F2,138,300,0.03,15,0.8,1,0.8,20,0.3702458373941838,0.7223571064692753
60,F3,147,300,0.03,15,0.8,1,0.8,20,0.3851312899483005,0.733487838411866
60,F4,244,300,0.03,15,0.8,1,0.8,20,0.38177286355500634,0.7309132039926226
