model,horizon_minutes,scope,F3_to_F4_MAE_improvement_percent,CI95_low_percent,CI95_high_percent,CI_zero_status
Ridge,15,all,-3.4360647595038327,-4.794128151564976,-2.141505510258756,below_zero
HGBR,15,all,0.5716173169709803,-0.0673384282395779,1.316336717151645,crosses_zero
Extra Trees,15,all,-0.4165108903128321,-1.011272848915429,0.1232426377234627,crosses_zero
Random Forest,15,all,-0.1830695476834483,-0.4795478436495569,0.1006331291067838,crosses_zero
XGBoost,15,all,0.2678568045422672,-0.0423464731826958,0.5845998360231011,crosses_zero
LightGBM,15,all,0.0589894126414217,-0.5865601538058195,0.7526767217022278,crosses_zero
LSTM,15,all,-0.8845449795206772,-2.591356,0.800759,crosses_zero
GRU,15,all,-7.590038590981059,-9.358492845419043,-5.883448754907845,below_zero
BiLSTM,15,all,1.5433158004338667,-1.1207846592679145,4.145202349432296,crosses_zero
TCN,15,all,19.94510438423764,14.816505043612576,24.85329234208671,above_zero
Ridge,15,daylight,-1.7027712054834536,-2.430307713326012,-1.0465997993044531,below_zero
HGBR,15,daylight,0.4683395977901864,-0.170313136691616,1.2121069477805828,crosses_zero
Extra Trees,15,daylight,-0.417671955355917,-1.0222738126986528,0.1367362026294503,crosses_zero
Random Forest,15,daylight,-0.1844806343881145,-0.4746050273217723,0.1030430027452693,crosses_zero
XGBoost,15,daylight,0.2266240972027148,-0.0891560020611081,0.5501605653316561,crosses_zero
LightGBM,15,daylight,0.1680614736975946,-0.4834120579056059,0.8461768833421975,crosses_zero
LSTM,15,daylight,1.263797,0.040153,2.557423,above_zero
GRU,15,daylight,-1.2363109315516387,-2.2861288768401677,-0.131478265798402,below_zero
BiLSTM,15,daylight,-1.707390980529178,-3.845899189707749,0.3179280453099138,crosses_zero
TCN,15,daylight,18.198193480537565,13.544777425535424,22.702230329481527,above_zero
Ridge,30,all,-4.7846122540254905,-6.68935704435121,-3.0069194087794773,below_zero
HGBR,30,all,0.0560846461521443,-0.876009686546863,0.9283349849793272,crosses_zero
Extra Trees,30,all,-0.2389481985444582,-0.9054141877692268,0.4360909165067979,crosses_zero
Random Forest,30,all,0.2080250166252572,-0.056943768771478,0.4722405276869046,crosses_zero
XGBoost,30,all,0.6637408814040593,-0.5363526773955937,2.0663082849445047,crosses_zero
LightGBM,30,all,0.5848659428249309,0.1632008694270847,1.0601813519841712,above_zero
LSTM,30,all,5.797531687852631,3.552636,7.939762,above_zero
GRU,30,all,-5.464907201284336,-7.8884025579531905,-3.164433357315706,below_zero
BiLSTM,30,all,8.66441998432006,6.533049272868621,10.831738966498447,above_zero
TCN,30,all,30.934651793904216,27.937763007491256,33.98193356852792,above_zero
Ridge,30,daylight,-2.606783889227884,-3.742086442538693,-1.5723996114311032,below_zero
HGBR,30,daylight,0.0486876254278192,-0.844997319192644,0.9207290641600024,crosses_zero
Extra Trees,30,daylight,-0.2408920137552929,-0.9055671199409704,0.4446127436843383,crosses_zero
Random Forest,30,daylight,0.2075982020866647,-0.0573709985723731,0.4673513585773555,crosses_zero
XGBoost,30,daylight,1.1412968775921148,-0.0760636981219959,2.5519712573512754,crosses_zero
LightGBM,30,daylight,0.574744349357618,0.1546745252189774,1.057406990986681,above_zero
LSTM,30,daylight,4.17485,1.978721,6.174997,above_zero
GRU,30,daylight,-8.568435149208709,-10.803009509471064,-6.560699314587894,below_zero
BiLSTM,30,daylight,3.3081690102237027,1.4643504646465662,5.210903727594435,above_zero
TCN,30,daylight,34.34975798618327,30.976576625978723,37.7932893317619,above_zero
Ridge,60,all,-6.692235426385324,-9.297394887358076,-4.1860239879977374,below_zero
HGBR,60,all,0.0369974637824898,-1.1720979851064908,1.233894738315286,crosses_zero
Extra Trees,60,all,0.0269571508340163,-0.8412748301715586,0.9530532885970824,crosses_zero
Random Forest,60,all,0.1300991578427018,-0.2835257881631635,0.5524195525242294,crosses_zero
XGBoost,60,all,0.043051689609151,-1.2609162653009798,1.456227350839304,crosses_zero
LightGBM,60,all,0.0659395911057828,-0.5588227459745329,0.7708239470152239,crosses_zero
LSTM,60,all,-1.441883489096209,-3.451026,0.566087,crosses_zero
GRU,60,all,-4.489917102146005,-7.025055005423516,-1.9897626594927744,below_zero
BiLSTM,60,all,-8.978698338833452,-13.730807723403808,-4.908481465094465,below_zero
TCN,60,all,-27.474756684243523,-35.73968445443089,-19.78481482494483,below_zero
Ridge,60,daylight,-4.164006093738913,-5.8793729917549244,-2.5277416216291853,below_zero
HGBR,60,daylight,0.0669176302496667,-1.0464327118424177,1.1385618571571603,crosses_zero
Extra Trees,60,daylight,0.025549460924907,-0.8393093882091289,1.010082465118409,crosses_zero
Random Forest,60,daylight,0.130705716358057,-0.2854422962093312,0.5463388734523603,crosses_zero
XGBoost,60,daylight,0.9310176378120744,-0.428051089160659,2.3377226751573628,crosses_zero
LightGBM,60,daylight,0.2446202688309242,-0.3822561644746746,0.9416452629048152,crosses_zero
LSTM,60,daylight,3.449669,1.664418,5.347754,above_zero
GRU,60,daylight,-5.1032828804731905,-7.317424606699856,-2.9756311451853183,below_zero
BiLSTM,60,daylight,-6.797675337822823,-10.805270814447685,-3.2562447827044414,below_zero
TCN,60,daylight,-42.91645228151674,-54.539188070256735,-32.40293831879466,below_zero
