transition,increment,horizon_minutes,models_compared,later_family_lower_MAE_count,later_family_higher_MAE_count,equal_MAE_count
F0 -> F1,Gregorian calendar,15,10,9,1,0
F0 -> F1,Gregorian calendar,30,10,9,1,0
F0 -> F1,Gregorian calendar,60,10,8,2,0
F1 -> F2,Solar astronomy,15,10,5,5,0
F1 -> F2,Solar astronomy,30,10,7,3,0
F1 -> F2,Solar astronomy,60,10,5,5,0
F2 -> F3,Continuous lunar / Sun-Moon astronomy,15,10,2,8,0
F2 -> F3,Continuous lunar / Sun-Moon astronomy,30,10,2,8,0
F2 -> F3,Continuous lunar / Sun-Moon astronomy,60,10,3,7,0
F3 -> F4,Categorical Panchang representation,15,10,5,5,0
F3 -> F4,Categorical Panchang representation,30,10,7,3,0
F3 -> F4,Categorical Panchang representation,60,10,5,5,0
