source_notebook,source_artifact,model_class,raw_model_name,model,horizon_minutes,feature_family,scope,n_test_rows,MAE_kW,RMSE_kW,R2,persistence_MAE_kW,MAE_advantage_over_persistence_kW,lower_MAE_than_persistence
Notebook 09,final_test_results.csv,Primary statistical / ML model,Ridge,Ridge,15,F0,all,26496,0.296659128032072,0.593046005689223,0.8709187460264316,0.291366468618925,-0.005292659413146994,False
Notebook 09,final_test_results.csv,Primary statistical / ML model,Ridge,Ridge,15,F1,all,26496,0.295370857397152,0.5790728917083151,0.8769298089610268,0.291366468618925,-0.004004388778227008,False
Notebook 09,final_test_results.csv,Primary statistical / ML model,Ridge,Ridge,15,F2,all,26496,0.2927302127160069,0.5767948472251675,0.8778962085756754,0.291366468618925,-0.0013637440970818981,False
Notebook 09,final_test_results.csv,Primary statistical / ML model,Ridge,Ridge,15,F3,all,26496,0.3185212589666207,0.5818566078897385,0.8757437201574951,0.291366468618925,-0.02715479034769569,False
Notebook 09,final_test_results.csv,Primary statistical / ML model,Ridge,Ridge,15,F4,all,26496,0.3294658556975007,0.5860357774136801,0.8739523752209489,0.291366468618925,-0.038099387078575686,False
Notebook 09,final_test_results.csv,Primary statistical / ML model,Ridge,Ridge,30,F0,all,26496,0.3679925378376014,0.6884070174493683,0.8260690043882482,0.3803601058483977,0.012367568010796304,True
Notebook 09,final_test_results.csv,Primary statistical / ML model,Ridge,Ridge,30,F1,all,26496,0.362501021234562,0.6585983960986392,0.8408056159733943,0.3803601058483977,0.017859084613835674,True
Notebook 09,final_test_results.csv,Primary statistical / ML model,Ridge,Ridge,30,F2,all,26496,0.3557109189109582,0.6530240605354771,0.8434890341542638,0.3803601058483977,0.024649186937439505,True
Notebook 09,final_test_results.csv,Primary statistical / ML model,Ridge,Ridge,30,F3,all,26496,0.4016629624410812,0.6648936042574266,0.8377477544015278,0.3803601058483977,-0.021302856592683495,False
Notebook 09,final_test_results.csv,Primary statistical / ML model,Ridge,Ridge,30,F4,all,26496,0.420880977761919,0.6749436233940027,0.8328057248874599,0.3803601058483977,-0.04052087191352133,False
Notebook 09,final_test_results.csv,Primary statistical / ML model,Ridge,Ridge,60,F0,all,26496,0.4744986008621845,0.8268783364359447,0.7490601504854675,0.5209765404120847,0.04647793954990026,True
Notebook 09,final_test_results.csv,Primary statistical / ML model,Ridge,Ridge,60,F1,all,26496,0.4555823794632181,0.7600195133829072,0.7879999852510196,0.5209765404120847,0.06539416094886663,True
Notebook 09,final_test_results.csv,Primary statistical / ML model,Ridge,Ridge,60,F2,all,26496,0.4391989802277579,0.746811525798367,0.7953044368396879,0.5209765404120847,0.08177756018432686,True
Notebook 09,final_test_results.csv,Primary statistical / ML model,Ridge,Ridge,60,F3,all,26496,0.5274764861570077,0.7775696780624914,0.7780960471170981,0.5209765404120847,-0.006499945744922964,False
Notebook 09,final_test_results.csv,Primary statistical / ML model,Ridge,Ridge,60,F4,all,26496,0.5627764544294594,0.8025063015628311,0.763634923965072,0.5209765404120847,-0.041799914017374706,False
Notebook 09,final_test_results.csv,Primary statistical / ML model,HGBR,HGBR,15,F0,all,26496,0.2766549947106712,0.5812069721968111,0.8760210264600736,0.291366468618925,0.014711473908253836,True
Notebook 09,final_test_results.csv,Primary statistical / ML model,HGBR,HGBR,15,F1,all,26496,0.2619526159715158,0.5629297505125115,0.8836959579944352,0.291366468618925,0.0294138526474092,True
Notebook 09,final_test_results.csv,Primary statistical / ML model,HGBR,HGBR,15,F2,all,26496,0.263900165373868,0.5625020929765772,0.8838726031509344,0.291366468618925,0.027466303245057,True
Notebook 09,final_test_results.csv,Primary statistical / ML model,HGBR,HGBR,15,F3,all,26496,0.2653451540258863,0.5636642045405658,0.8833922764223054,0.291366468618925,0.02602131459303869,True
Notebook 09,final_test_results.csv,Primary statistical / ML model,HGBR,HGBR,15,F4,all,26496,0.263828395175731,0.5632799309437,0.8835512150060184,0.291366468618925,0.027538073443194033,True
Notebook 09,final_test_results.csv,Primary statistical / ML model,HGBR,HGBR,30,F0,all,26496,0.3374408509864264,0.6628637138572658,0.8387369398041589,0.3803601058483977,0.04291925486197129,True
Notebook 09,final_test_results.csv,Primary statistical / ML model,HGBR,HGBR,30,F1,all,26496,0.3059835754196199,0.6271121637475333,0.855663272431223,0.3803601058483977,0.07437653042877779,True
Notebook 09,final_test_results.csv,Primary statistical / ML model,HGBR,HGBR,30,F2,all,26496,0.3041222305027495,0.6241392751802464,0.8570285143867105,0.3803601058483977,0.07623787534564819,True
Notebook 09,final_test_results.csv,Primary statistical / ML model,HGBR,HGBR,30,F3,all,26496,0.3072253361022709,0.625414792773419,0.856443552040921,0.3803601058483977,0.07313476974612682,True
Notebook 09,final_test_results.csv,Primary statistical / ML model,HGBR,HGBR,30,F4,all,26496,0.3070530298596282,0.6290006567995524,0.8547926488119327,0.3803601058483977,0.07330707598876951,True
Notebook 09,final_test_results.csv,Primary statistical / ML model,HGBR,HGBR,60,F0,all,26496,0.4264199471921963,0.7750540222157204,0.7795295674060887,0.5209765404120847,0.09455659321988846,True
Notebook 09,final_test_results.csv,Primary statistical / ML model,HGBR,HGBR,60,F1,all,26496,0.3450815281839418,0.684492463412205,0.8280414609089017,0.5209765404120847,0.17589501222814297,True
Notebook 09,final_test_results.csv,Primary statistical / ML model,HGBR,HGBR,60,F2,all,26496,0.3479825342482924,0.6891665512343421,0.8256849892867809,0.5209765404120847,0.17299400616379235,True
Notebook 09,final_test_results.csv,Primary statistical / ML model,HGBR,HGBR,60,F3,all,26496,0.351776072416766,0.6924036344194768,0.8240435938646824,0.5209765404120847,0.16920046799531874,True
Notebook 09,final_test_results.csv,Primary statistical / ML model,HGBR,HGBR,60,F4,all,26496,0.3516459241917781,0.6921373957123047,0.8241788831590089,0.5209765404120847,0.16933061622030665,True
Notebook 10,extra_trees_final_test_results.csv,Secondary ML model,ExtraTreesRegressor,Extra Trees,15,F0,all,26496,0.2682543014437539,0.577066741394537,0.8777810648450364,0.291366468618925,0.023112167175171117,True
Notebook 10,extra_trees_final_test_results.csv,Secondary ML model,ExtraTreesRegressor,Extra Trees,15,F1,all,26496,0.2551364970091227,0.5602274808927475,0.8848098821312192,0.291366468618925,0.03622997160980229,True
Notebook 10,extra_trees_final_test_results.csv,Secondary ML model,ExtraTreesRegressor,Extra Trees,15,F2,all,26496,0.2541053288062498,0.5590040677120772,0.8853124323938066,0.291366468618925,0.037261139812675204,True
Notebook 10,extra_trees_final_test_results.csv,Secondary ML model,ExtraTreesRegressor,Extra Trees,15,F3,all,26496,0.254847379717058,0.5584070632819231,0.8855572693393257,0.291366468618925,0.036519088901867,True
Notebook 10,extra_trees_final_test_results.csv,Secondary ML model,ExtraTreesRegressor,Extra Trees,15,F4,all,26496,0.2559088468072565,0.5604546126237122,0.8847164606714608,0.291366468618925,0.035457621811668505,True
Notebook 10,extra_trees_final_test_results.csv,Secondary ML model,ExtraTreesRegressor,Extra Trees,30,F0,all,26496,0.3238616699717028,0.6519937196045195,0.8439825302298978,0.3803601058483977,0.0564984358766949,True
Notebook 10,extra_trees_final_test_results.csv,Secondary ML model,ExtraTreesRegressor,Extra Trees,30,F1,all,26496,0.2952813136323292,0.6199671886566366,0.8589335242951393,0.3803601058483977,0.08507879221606851,True
Notebook 10,extra_trees_final_test_results.csv,Secondary ML model,ExtraTreesRegressor,Extra Trees,30,F2,all,26496,0.2960988416146765,0.6215555976741206,0.8582097495178341,0.3803601058483977,0.08426126423372121,True
Notebook 10,extra_trees_final_test_results.csv,Secondary ML model,ExtraTreesRegressor,Extra Trees,30,F3,all,26496,0.2954678184002589,0.6198464477216086,0.8589884653949842,0.3803601058483977,0.08489228744813881,True
Notebook 10,extra_trees_final_test_results.csv,Secondary ML model,ExtraTreesRegressor,Extra Trees,30,F4,all,26496,0.2961738334296049,0.6224106611308964,0.8578193643106606,0.3803601058483977,0.08418627241879278,True
Notebook 10,extra_trees_final_test_results.csv,Secondary ML model,ExtraTreesRegressor,Extra Trees,60,F0,all,26496,0.4048618805353069,0.751790637733312,0.792565861643255,0.5209765404120847,0.11611465987677783,True
Notebook 10,extra_trees_final_test_results.csv,Secondary ML model,ExtraTreesRegressor,Extra Trees,60,F1,all,26496,0.3380770457759913,0.6791341280343601,0.8307231704857083,0.5209765404120847,0.18289949463609345,True
Notebook 10,extra_trees_final_test_results.csv,Secondary ML model,ExtraTreesRegressor,Extra Trees,60,F2,all,26496,0.3378078086511974,0.6808272844842292,0.829878066634342,0.5209765404120847,0.18316873176088733,True
Notebook 10,extra_trees_final_test_results.csv,Secondary ML model,ExtraTreesRegressor,Extra Trees,60,F3,all,26496,0.3389968595292885,0.6805343608814013,0.830024423898795,0.5209765404120847,0.18197968088279626,True
Notebook 10,extra_trees_final_test_results.csv,Secondary ML model,ExtraTreesRegressor,Extra Trees,60,F4,all,26496,0.3389054756345426,0.6851009179759493,0.8277356124083514,0.5209765404120847,0.18207106477754215,True
Notebook 10,random_forest_final_test_results.csv,Secondary ML model,RandomForestRegressor,Random Forest,15,F0,all,26496,0.2691859474240303,0.5747049744493795,0.8787794310119005,0.291366468618925,0.02218052119489472,True
Notebook 10,random_forest_final_test_results.csv,Secondary ML model,RandomForestRegressor,Random Forest,15,F1,all,26496,0.2580809200237318,0.558741838298861,0.8854200072803375,0.291366468618925,0.033285548595193226,True
Notebook 10,random_forest_final_test_results.csv,Secondary ML model,RandomForestRegressor,Random Forest,15,F2,all,26496,0.2574913222095674,0.5591972936531575,0.8852331326373588,0.291366468618925,0.033875146409357626,True
Notebook 10,random_forest_final_test_results.csv,Secondary ML model,RandomForestRegressor,Random Forest,15,F3,all,26496,0.2581575201327452,0.5597585725798367,0.8850026288317392,0.291366468618925,0.033208948486179835,True
Notebook 10,random_forest_final_test_results.csv,Secondary ML model,RandomForestRegressor,Random Forest,15,F4,all,26496,0.258630127937163,0.560311870920162,0.8847751761244935,0.291366468618925,0.03273634068176201,True
Notebook 10,random_forest_final_test_results.csv,Secondary ML model,RandomForestRegressor,Random Forest,30,F0,all,26496,0.3269896123083658,0.6532403814841302,0.8433853251443589,0.3803601058483977,0.05337049354003187,True
Notebook 10,random_forest_final_test_results.csv,Secondary ML model,RandomForestRegressor,Random Forest,30,F1,all,26496,0.2982325120555667,0.6206712809805338,0.8586129259628383,0.3803601058483977,0.08212759379283097,True
Notebook 10,random_forest_final_test_results.csv,Secondary ML model,RandomForestRegressor,Random Forest,30,F2,all,26496,0.2966652050464309,0.619883539975679,0.8589715883371741,0.3803601058483977,0.08369490080196679,True
Notebook 10,random_forest_final_test_results.csv,Secondary ML model,RandomForestRegressor,Random Forest,30,F3,all,26496,0.2980965705210616,0.6206185619794112,0.8586369434064867,0.3803601058483977,0.0822635353273361,True
Notebook 10,random_forest_final_test_results.csv,Secondary ML model,RandomForestRegressor,Random Forest,30,F4,all,26496,0.2974764550806758,0.6201106792770932,0.8588682174242123,0.3803601058483977,0.08288365076772192,True
Notebook 10,random_forest_final_test_results.csv,Secondary ML model,RandomForestRegressor,Random Forest,60,F0,all,26496,0.4090461513885846,0.7541514779456013,0.7912610095738235,0.5209765404120847,0.11193038902350017,True
Notebook 10,random_forest_final_test_results.csv,Secondary ML model,RandomForestRegressor,Random Forest,60,F1,all,26496,0.338990190812323,0.6790514655300189,0.8307643758809017,0.5209765404120847,0.18198634959976173,True
Notebook 10,random_forest_final_test_results.csv,Secondary ML model,RandomForestRegressor,Random Forest,60,F2,all,26496,0.3392964782507731,0.6823054572425364,0.829138546931326,0.5209765404120847,0.18168006216131166,True
Notebook 10,random_forest_final_test_results.csv,Secondary ML model,RandomForestRegressor,Random Forest,60,F3,all,26496,0.3410519902646982,0.6841497694789505,0.8282136011849476,0.5209765404120847,0.17992455014738656,True
Notebook 10,random_forest_final_test_results.csv,Secondary ML model,RandomForestRegressor,Random Forest,60,F4,all,26496,0.340608284497558,0.6835086343141112,0.8285354216378636,0.5209765404120847,0.18036825591452676,True
Notebook 10,xgboost_final_test_results.csv,Secondary ML model,XGBRegressor,XGBoost,15,F0,all,26496,0.2773323655128479,0.5803347703792492,0.8763928413391113,0.291366468618925,0.014034103106077112,True
Notebook 10,xgboost_final_test_results.csv,Secondary ML model,XGBRegressor,XGBoost,15,F1,all,26496,0.2597298324108124,0.561435938113071,0.8843123912811279,0.291366468618925,0.031636636208112634,True
Notebook 10,xgboost_final_test_results.csv,Secondary ML model,XGBRegressor,XGBoost,15,F2,all,26496,0.2593872249126434,0.5608534024668882,0.8845523595809937,0.291366468618925,0.031979243706281635,True
Notebook 10,xgboost_final_test_results.csv,Secondary ML model,XGBRegressor,XGBoost,15,F3,all,26496,0.2595523297786712,0.5605026121308357,0.8846967220306396,0.291366468618925,0.0318141388402538,True
Notebook 10,xgboost_final_test_results.csv,Secondary ML model,XGBRegressor,XGBoost,15,F4,all,26496,0.2588571012020111,0.5605232154026634,0.8846881985664368,0.291366468618925,0.032509367416913904,True
Notebook 10,xgboost_final_test_results.csv,Secondary ML model,XGBRegressor,XGBoost,30,F0,all,26496,0.3384287357330322,0.6613444407974585,0.8394752740859985,0.3803601058483977,0.04193137011536546,True
Notebook 10,xgboost_final_test_results.csv,Secondary ML model,XGBRegressor,XGBoost,30,F1,all,26496,0.3004242777824402,0.6230869100975743,0.8575102090835571,0.3803601058483977,0.0799358280659575,True
Notebook 10,xgboost_final_test_results.csv,Secondary ML model,XGBRegressor,XGBoost,30,F2,all,26496,0.2968228161334991,0.6189462976517064,0.8593977093696594,0.3803601058483977,0.0835372897148986,True
Notebook 10,xgboost_final_test_results.csv,Secondary ML model,XGBRegressor,XGBoost,30,F3,all,26496,0.3002588748931885,0.6209005619191523,0.8585084676742554,0.3803601058483977,0.08010123095520921,True
Notebook 10,xgboost_final_test_results.csv,Secondary ML model,XGBRegressor,XGBoost,30,F4,all,26496,0.2982659339904785,0.6214934928028597,0.8582381010055542,0.3803601058483977,0.08209417185791917,True
Notebook 10,xgboost_final_test_results.csv,Secondary ML model,XGBRegressor,XGBoost,60,F0,all,26496,0.4137124717235565,0.7646848784395154,0.785389244556427,0.5209765404120847,0.10726406868852822,True
Notebook 10,xgboost_final_test_results.csv,Secondary ML model,XGBRegressor,XGBoost,60,F1,all,26496,0.3424921333789825,0.6819927104185619,0.8292951583862305,0.5209765404120847,0.17848440703310225,True
Notebook 10,xgboost_final_test_results.csv,Secondary ML model,XGBRegressor,XGBoost,60,F2,all,26496,0.3409207165241241,0.6813443914693084,0.8296195268630981,0.5209765404120847,0.18005582388796065,True
Notebook 10,xgboost_final_test_results.csv,Secondary ML model,XGBRegressor,XGBoost,60,F3,all,26496,0.3425228893756866,0.687619762393079,0.8264665603637695,0.5209765404120847,0.17845365103639815,True
Notebook 10,xgboost_final_test_results.csv,Secondary ML model,XGBRegressor,XGBoost,60,F4,all,26496,0.3423754274845123,0.6836588801283553,0.8284600377082825,0.5209765404120847,0.17860111292757247,True
Notebook 10,lightgbm_final_test_results.csv,Secondary ML model,LGBMRegressor,LightGBM,15,F0,all,26496,0.2756202502422616,0.5789779758834306,0.8769701504443257,0.291366468618925,0.0157462183766634,True
Notebook 10,lightgbm_final_test_results.csv,Secondary ML model,LGBMRegressor,LightGBM,15,F1,all,26496,0.2605762129174274,0.5623223055921608,0.8839468246864184,0.291366468618925,0.030790255701497626,True
Notebook 10,lightgbm_final_test_results.csv,Secondary ML model,LGBMRegressor,LightGBM,15,F2,all,26496,0.2618046452894121,0.5596669956640439,0.8850402530634829,0.291366468618925,0.029561823329512904,True
Notebook 10,lightgbm_final_test_results.csv,Secondary ML model,LGBMRegressor,LightGBM,15,F3,all,26496,0.2622114886792914,0.5600430734003479,0.8848857028485432,0.291366468618925,0.02915497993963362,True
Notebook 10,lightgbm_final_test_results.csv,Secondary ML model,LGBMRegressor,LightGBM,15,F4,all,26496,0.2620568116622411,0.5617121510713975,0.8841985378126626,0.291366468618925,0.029309656956683916,True
Notebook 10,lightgbm_final_test_results.csv,Secondary ML model,LGBMRegressor,LightGBM,30,F0,all,26496,0.3329278121962153,0.6568803379015365,0.8416351000580178,0.3803601058483977,0.04743229365218238,True
Notebook 10,lightgbm_final_test_results.csv,Secondary ML model,LGBMRegressor,LightGBM,30,F1,all,26496,0.3031826189593616,0.6244575179636991,0.8568826774800113,0.3803601058483977,0.07717748688903608,True
Notebook 10,lightgbm_final_test_results.csv,Secondary ML model,LGBMRegressor,LightGBM,30,F2,all,26496,0.301188507573157,0.6222832890263796,0.8578775509545974,0.3803601058483977,0.07917159827524067,True
Notebook 10,lightgbm_final_test_results.csv,Secondary ML model,LGBMRegressor,LightGBM,30,F3,all,26496,0.3024147999973545,0.6226672307515316,0.8577021209767692,0.3803601058483977,0.0779453058510432,True
Notebook 10,lightgbm_final_test_results.csv,Secondary ML model,LGBMRegressor,LightGBM,30,F4,all,26496,0.3006460788261078,0.6221994858990896,0.8579158277456199,0.3803601058483977,0.07971402702228991,True
Notebook 10,lightgbm_final_test_results.csv,Secondary ML model,LGBMRegressor,LightGBM,60,F0,all,26496,0.4193100626715211,0.7690816888635993,0.7829142340059506,0.5209765404120847,0.10166647774056364,True
Notebook 10,lightgbm_final_test_results.csv,Secondary ML model,LGBMRegressor,LightGBM,60,F1,all,26496,0.3428503997715463,0.6821976758316608,0.8291925234421381,0.5209765404120847,0.17812614064053844,True
Notebook 10,lightgbm_final_test_results.csv,Secondary ML model,LGBMRegressor,LightGBM,60,F2,all,26496,0.3412615375259546,0.6800426160037013,0.8302699792303995,0.5209765404120847,0.17971500288613013,True
Notebook 10,lightgbm_final_test_results.csv,Secondary ML model,LGBMRegressor,LightGBM,60,F3,all,26496,0.3433489565862354,0.6854304186979092,0.8275698707247295,0.5209765404120847,0.17762758382584937,True
Notebook 10,lightgbm_final_test_results.csv,Secondary ML model,LGBMRegressor,LightGBM,60,F4,all,26496,0.3431225536881964,0.6853675308631114,0.827601509997613,0.5209765404120847,0.17785398672388836,True
Notebook 11,notebook11_final_result_matrix.csv,Deep-learning model,LSTM,LSTM,15,F0,all,26496,0.2982742496859689,0.6205310657274032,0.8586767999834416,0.291366468618925,-0.006907781067043872,False
Notebook 11,notebook11_final_result_matrix.csv,Deep-learning model,LSTM,LSTM,15,F1,all,26496,0.2942147089770443,0.6226623084968044,0.857704370729461,0.291366468618925,-0.002848240358119314,False
Notebook 11,notebook11_final_result_matrix.csv,Deep-learning model,LSTM,LSTM,15,F2,all,26496,0.2989368928924097,0.6227249038504501,0.8576757597381705,0.291366468618925,-0.007570424273484699,False
Notebook 11,notebook11_final_result_matrix.csv,Deep-learning model,LSTM,LSTM,15,F3,all,26496,0.3263837510660743,0.6338845176325728,0.8525289764540723,0.291366468618925,-0.0350172824471493,False
Notebook 11,notebook11_final_result_matrix.csv,Deep-learning model,LSTM,LSTM,15,F4,all,26496,0.3292707621501005,0.6361148470243989,0.8514893940572185,0.291366468618925,-0.03790429353117547,False
Notebook 11,notebook11_final_result_matrix.csv,Deep-learning model,LSTM,LSTM,30,F0,all,26496,0.4599651856548291,0.7802232108408093,0.7765789247262949,0.3803601058483977,-0.07960507980643139,False
Notebook 11,notebook11_final_result_matrix.csv,Deep-learning model,LSTM,LSTM,30,F1,all,26496,0.3733559531991778,0.7416012638456857,0.7981506625568651,0.3803601058483977,0.007004152649219886,True
Notebook 11,notebook11_final_result_matrix.csv,Deep-learning model,LSTM,LSTM,30,F2,all,26496,0.3571652354463024,0.7231394458457701,0.8080754593407121,0.3803601058483977,0.02319487040209528,True
Notebook 11,notebook11_final_result_matrix.csv,Deep-learning model,LSTM,LSTM,30,F3,all,26496,0.3908739881957911,0.7414795859730464,0.7982168937899733,0.3803601058483977,-0.010513882347393422,False
Notebook 11,notebook11_final_result_matrix.csv,Deep-learning model,LSTM,LSTM,30,F4,all,26496,0.3682129448705667,0.731963409946153,0.8033630410685271,0.3803601058483977,0.012147160977830973,True
Notebook 11,notebook11_final_result_matrix.csv,Deep-learning model,LSTM,LSTM,60,F0,all,26496,0.4645942776104957,0.8637919975226594,0.7261550362914648,0.5209765404120847,0.056382262801589034,True
Notebook 11,notebook11_final_result_matrix.csv,Deep-learning model,LSTM,LSTM,60,F1,all,26496,0.4664087800562433,0.8652781456717166,0.7252119289571846,0.5209765404120847,0.05456776035584143,True
Notebook 11,notebook11_final_result_matrix.csv,Deep-learning model,LSTM,LSTM,60,F2,all,26496,0.4772476300294039,0.8618713930036774,0.727371447568755,0.5209765404120847,0.04372891038268084,True
Notebook 11,notebook11_final_result_matrix.csv,Deep-learning model,LSTM,LSTM,60,F3,all,26496,0.4825463115590367,0.8799138730772941,0.7158375191312072,0.5209765404120847,0.03843022885304803,True
Notebook 11,notebook11_final_result_matrix.csv,Deep-learning model,LSTM,LSTM,60,F4,all,26496,0.4895040671526492,0.8503137687407692,0.7346342746818502,0.5209765404120847,0.03147247325943553,True
Notebook 11,notebook11_final_result_matrix.csv,Deep-learning model,GRU,GRU,15,F0,all,26496,0.3329800812194891,0.639402224885336,0.849950451862037,0.291366468618925,-0.041613612600564065,False
Notebook 11,notebook11_final_result_matrix.csv,Deep-learning model,GRU,GRU,15,F1,all,26496,0.2786350196653655,0.6013943101748791,0.8672590151570458,0.291366468618925,0.012731448953559488,True
Notebook 11,notebook11_final_result_matrix.csv,Deep-learning model,GRU,GRU,15,F2,all,26496,0.2996811196591114,0.6043460276986261,0.8659527991855579,0.291366468618925,-0.00831465104018636,False
Notebook 11,notebook11_final_result_matrix.csv,Deep-learning model,GRU,GRU,15,F3,all,26496,0.2914264621932732,0.6123311111766241,0.8623871286343953,0.291366468618925,-5.999357434816055e-05,False
Notebook 11,notebook11_final_result_matrix.csv,Deep-learning model,GRU,GRU,15,F4,all,26496,0.3135458431380734,0.6142173936066342,0.8615379914634211,0.291366468618925,-0.022179374519148365,False
Notebook 11,notebook11_final_result_matrix.csv,Deep-learning model,GRU,GRU,30,F0,all,26496,0.3904296574943269,0.7376579379810972,0.8002915476220281,0.3803601058483977,-0.010069551645929209,False
Notebook 11,notebook11_final_result_matrix.csv,Deep-learning model,GRU,GRU,30,F1,all,26496,0.3640361482738019,0.7023684627832437,0.8189425449493394,0.3803601058483977,0.016323957574595815,True
Notebook 11,notebook11_final_result_matrix.csv,Deep-learning model,GRU,GRU,30,F2,all,26496,0.3969506266711705,0.7239702735943448,0.8076341949732988,0.3803601058483977,-0.016590520822772792,False
Notebook 11,notebook11_final_result_matrix.csv,Deep-learning model,GRU,GRU,30,F3,all,26496,0.3913117188292834,0.7271002659484809,0.8059672617318279,0.3803601058483977,-0.010951612980885705,False
Notebook 11,notebook11_final_result_matrix.csv,Deep-learning model,GRU,GRU,30,F4,all,26496,0.4126965411310545,0.7517139543980371,0.7926081764301908,0.3803601058483977,-0.032336435282656784,False
Notebook 11,notebook11_final_result_matrix.csv,Deep-learning model,GRU,GRU,60,F0,all,26496,0.5031307487439076,0.8915752374961764,0.7082556853324491,0.5209765404120847,0.017845791668177124,True
Notebook 11,notebook11_final_result_matrix.csv,Deep-learning model,GRU,GRU,60,F1,all,26496,0.5093478056138029,0.8854894031990579,0.7122249472242379,0.5209765404120847,0.011628734798281859,True
Notebook 11,notebook11_final_result_matrix.csv,Deep-learning model,GRU,GRU,60,F2,all,26496,0.4636515561350507,0.8614214055690267,0.7276560547575807,0.5209765404120847,0.05732498427703403,True
Notebook 11,notebook11_final_result_matrix.csv,Deep-learning model,GRU,GRU,60,F3,all,26496,0.446411233567848,0.8177608663780962,0.7545635542627835,0.5209765404120847,0.07456530684423673,True
Notebook 11,notebook11_final_result_matrix.csv,Deep-learning model,GRU,GRU,60,F4,all,26496,0.4664547278897117,0.8350762623691858,0.7440596950088625,0.5209765404120847,0.05452181252237304,True
Notebook 11,notebook11_final_result_matrix.csv,Deep-learning model,BiLSTM,BiLSTM,15,F0,all,26496,0.271462335446172,0.5957563625341818,0.8697361877013168,0.291366468618925,0.019904133172753025,True
Notebook 11,notebook11_final_result_matrix.csv,Deep-learning model,BiLSTM,BiLSTM,15,F1,all,26496,0.3100916352223756,0.6235034015059989,0.8573196848670417,0.291366468618925,-0.018725166603450583,False
Notebook 11,notebook11_final_result_matrix.csv,Deep-learning model,BiLSTM,BiLSTM,15,F2,all,26496,0.2850210908430485,0.6165716621170074,0.8604745195483817,0.291366468618925,0.006345377775876515,True
Notebook 11,notebook11_final_result_matrix.csv,Deep-learning model,BiLSTM,BiLSTM,15,F3,all,26496,0.3084169120722491,0.6120252158969453,0.8625245856817797,0.291366468618925,-0.01705044345332407,False
Notebook 11,notebook11_final_result_matrix.csv,Deep-learning model,BiLSTM,BiLSTM,15,F4,all,26496,0.3036570651370278,0.6161960658751604,0.8606444569214301,0.291366468618925,-0.01229059651810277,False
Notebook 11,notebook11_final_result_matrix.csv,Deep-learning model,BiLSTM,BiLSTM,30,F0,all,26496,0.4799483305017711,0.7895507850869212,0.7712049916854485,0.3803601058483977,-0.09958822465337341,False
Notebook 11,notebook11_final_result_matrix.csv,Deep-learning model,BiLSTM,BiLSTM,30,F1,all,26496,0.3907850300966319,0.7151130306772358,0.8123123099992511,0.3803601058483977,-0.010424924248234213,False
Notebook 11,notebook11_final_result_matrix.csv,Deep-learning model,BiLSTM,BiLSTM,30,F2,all,26496,0.35885052568902,0.7077443657551404,0.8161603235224641,0.3803601058483977,0.021509580159377706,True
Notebook 11,notebook11_final_result_matrix.csv,Deep-learning model,BiLSTM,BiLSTM,30,F3,all,26496,0.4297132457236383,0.7229470758683203,0.8081775575154463,0.3803601058483977,-0.04935313987524059,False
Notebook 11,notebook11_final_result_matrix.csv,Deep-learning model,BiLSTM,BiLSTM,30,F4,all,26496,0.392481085385889,0.7346264058118019,0.8019296471329476,0.3803601058483977,-0.012120979537491305,False
Notebook 11,notebook11_final_result_matrix.csv,Deep-learning model,BiLSTM,BiLSTM,60,F0,all,26496,0.508763841979339,0.8957346043960084,0.705527251137074,0.5209765404120847,0.01221269843274575,True
Notebook 11,notebook11_final_result_matrix.csv,Deep-learning model,BiLSTM,BiLSTM,60,F1,all,26496,0.4791597747827897,0.8619543062917767,0.7273189905149771,0.5209765404120847,0.04181676562929504,True
Notebook 11,notebook11_final_result_matrix.csv,Deep-learning model,BiLSTM,BiLSTM,60,F2,all,26496,0.5077992764657249,0.8557385722647942,0.7312375310475441,0.5209765404120847,0.013177263946359874,True
Notebook 11,notebook11_final_result_matrix.csv,Deep-learning model,BiLSTM,BiLSTM,60,F3,all,26496,0.4778507735005382,0.8468845868613214,0.7367703154048626,0.5209765404120847,0.04312576691154657,True
Notebook 11,notebook11_final_result_matrix.csv,Deep-learning model,BiLSTM,BiLSTM,60,F4,all,26496,0.5207555529629339,0.862331361270875,0.7270803741068015,0.5209765404120847,0.00022098744915088897,True
Notebook 11,notebook11_final_result_matrix.csv,Deep-learning model,TCN,TCN,15,F0,all,26496,0.5724589085675396,0.83065751376741,0.7467611099118532,0.291366468618925,-0.28109243994861455,False
Notebook 11,notebook11_final_result_matrix.csv,Deep-learning model,TCN,TCN,15,F1,all,26496,0.3336452301920036,0.6269831432584715,0.8557226571891033,0.291366468618925,-0.04227876157307858,False
Notebook 11,notebook11_final_result_matrix.csv,Deep-learning model,TCN,TCN,15,F2,all,26496,0.8405246111313622,1.2466935180536565,0.4295654675376195,0.291366468618925,-0.5491581425124372,False
Notebook 11,notebook11_final_result_matrix.csv,Deep-learning model,TCN,TCN,15,F3,all,26496,0.6558606908317565,0.890113516734754,0.7092115197400105,0.291366468618925,-0.36449422221283145,False
Notebook 11,notebook11_final_result_matrix.csv,Deep-learning model,TCN,TCN,15,F4,all,26496,0.5250485914301805,0.7225677664634843,0.8083787920770713,0.291366468618925,-0.23368212281125544,False
Notebook 11,notebook11_final_result_matrix.csv,Deep-learning model,TCN,TCN,30,F0,all,26496,0.4382835993792323,0.7401364446888895,0.7989472652127049,0.3803601058483977,-0.05792349353083459,False
Notebook 11,notebook11_final_result_matrix.csv,Deep-learning model,TCN,TCN,30,F1,all,26496,0.4926380867705011,0.772950404766409,0.7807247253979136,0.3803601058483977,-0.1122779809221034,False
Notebook 11,notebook11_final_result_matrix.csv,Deep-learning model,TCN,TCN,30,F2,all,26496,0.4990849085925958,0.7678764956599936,0.7835940715291985,0.3803601058483977,-0.11872480274419811,False
Notebook 11,notebook11_final_result_matrix.csv,Deep-learning model,TCN,TCN,30,F3,all,26496,0.6967758264393009,1.1166054537063912,0.5424001272034982,0.3803601058483977,-0.3164157205909032,False
Notebook 11,notebook11_final_result_matrix.csv,Deep-learning model,TCN,TCN,30,F4,all,26496,0.4812306507462048,0.7788657201661503,0.7773556977751473,0.3803601058483977,-0.10087054489780711,False
Notebook 11,notebook11_final_result_matrix.csv,Deep-learning model,TCN,TCN,60,F0,all,26496,0.6722878912168324,1.0820500796326864,0.5702843919518081,0.5209765404120847,-0.15131135080474767,False
Notebook 11,notebook11_final_result_matrix.csv,Deep-learning model,TCN,TCN,60,F1,all,26496,0.4768343280272434,0.7936530929204338,0.7688212922315197,0.5209765404120847,0.04414221238484134,True
Notebook 11,notebook11_final_result_matrix.csv,Deep-learning model,TCN,TCN,60,F2,all,26496,1.0460141062499198,1.6700750610792914,-0.0236662556426276,0.5209765404120847,-0.525037565837835,False
Notebook 11,notebook11_final_result_matrix.csv,Deep-learning model,TCN,TCN,60,F3,all,26496,0.6305667375038769,0.8576548973024997,0.7300324599044243,0.5209765404120847,-0.10959019709179219,False
Notebook 11,notebook11_final_result_matrix.csv,Deep-learning model,TCN,TCN,60,F4,all,26496,0.8038134143648398,1.168049724896565,0.4992637084792849,0.5209765404120847,-0.28283687395275503,False
