model,horizon_minutes,scope,F3_to_F4_MAE_improvement_percent,CI95_low_percent,CI95_high_percent,point_direction,CI_zero_status,evidence_class
Ridge,15,all,-3.4360647595038327,-4.794128151564976,-2.141505510258756,F4_higher_MAE,below_zero,CI_below_zero_F4_higher_MAE
GRU,15,all,-7.590038590981059,-9.358492845419043,-5.883448754907845,F4_higher_MAE,below_zero,CI_below_zero_F4_higher_MAE
TCN,15,all,19.94510438423764,14.816505043612576,24.85329234208671,F4_lower_MAE,above_zero,CI_above_zero_F4_lower_MAE
Ridge,15,daylight,-1.7027712054834536,-2.430307713326012,-1.0465997993044531,F4_higher_MAE,below_zero,CI_below_zero_F4_higher_MAE
LSTM,15,daylight,1.263797,0.040153,2.557423,F4_lower_MAE,above_zero,CI_above_zero_F4_lower_MAE
GRU,15,daylight,-1.2363109315516387,-2.2861288768401677,-0.131478265798402,F4_higher_MAE,below_zero,CI_below_zero_F4_higher_MAE
TCN,15,daylight,18.198193480537565,13.544777425535424,22.702230329481527,F4_lower_MAE,above_zero,CI_above_zero_F4_lower_MAE
Ridge,30,all,-4.7846122540254905,-6.68935704435121,-3.0069194087794773,F4_higher_MAE,below_zero,CI_below_zero_F4_higher_MAE
LightGBM,30,all,0.5848659428249309,0.1632008694270847,1.0601813519841712,F4_lower_MAE,above_zero,CI_above_zero_F4_lower_MAE
LSTM,30,all,5.797531687852631,3.552636,7.939762,F4_lower_MAE,above_zero,CI_above_zero_F4_lower_MAE
GRU,30,all,-5.464907201284336,-7.8884025579531905,-3.164433357315706,F4_higher_MAE,below_zero,CI_below_zero_F4_higher_MAE
BiLSTM,30,all,8.66441998432006,6.533049272868621,10.831738966498447,F4_lower_MAE,above_zero,CI_above_zero_F4_lower_MAE
TCN,30,all,30.934651793904216,27.937763007491256,33.98193356852792,F4_lower_MAE,above_zero,CI_above_zero_F4_lower_MAE
Ridge,30,daylight,-2.606783889227884,-3.742086442538693,-1.5723996114311032,F4_higher_MAE,below_zero,CI_below_zero_F4_higher_MAE
LightGBM,30,daylight,0.574744349357618,0.1546745252189774,1.057406990986681,F4_lower_MAE,above_zero,CI_above_zero_F4_lower_MAE
LSTM,30,daylight,4.17485,1.978721,6.174997,F4_lower_MAE,above_zero,CI_above_zero_F4_lower_MAE
GRU,30,daylight,-8.568435149208709,-10.803009509471064,-6.560699314587894,F4_higher_MAE,below_zero,CI_below_zero_F4_higher_MAE
BiLSTM,30,daylight,3.3081690102237027,1.4643504646465662,5.210903727594435,F4_lower_MAE,above_zero,CI_above_zero_F4_lower_MAE
TCN,30,daylight,34.34975798618327,30.976576625978723,37.7932893317619,F4_lower_MAE,above_zero,CI_above_zero_F4_lower_MAE
Ridge,60,all,-6.692235426385324,-9.297394887358076,-4.1860239879977374,F4_higher_MAE,below_zero,CI_below_zero_F4_higher_MAE
GRU,60,all,-4.489917102146005,-7.025055005423516,-1.9897626594927744,F4_higher_MAE,below_zero,CI_below_zero_F4_higher_MAE
BiLSTM,60,all,-8.978698338833452,-13.730807723403808,-4.908481465094465,F4_higher_MAE,below_zero,CI_below_zero_F4_higher_MAE
TCN,60,all,-27.474756684243523,-35.73968445443089,-19.78481482494483,F4_higher_MAE,below_zero,CI_below_zero_F4_higher_MAE
Ridge,60,daylight,-4.164006093738913,-5.8793729917549244,-2.5277416216291853,F4_higher_MAE,below_zero,CI_below_zero_F4_higher_MAE
LSTM,60,daylight,3.449669,1.664418,5.347754,F4_lower_MAE,above_zero,CI_above_zero_F4_lower_MAE
GRU,60,daylight,-5.1032828804731905,-7.317424606699856,-2.9756311451853183,F4_higher_MAE,below_zero,CI_below_zero_F4_higher_MAE
BiLSTM,60,daylight,-6.797675337822823,-10.805270814447685,-3.2562447827044414,F4_higher_MAE,below_zero,CI_below_zero_F4_higher_MAE
TCN,60,daylight,-42.91645228151674,-54.539188070256735,-32.40293831879466,F4_higher_MAE,below_zero,CI_below_zero_F4_higher_MAE
