source_notebook,source_artifact,raw_model_name,model,horizon_minutes,scope,n_test_rows,n_daily_blocks,F3_MAE_kW,F4_MAE_kW,absolute_MAE_improvement_kW,F3_to_F4_MAE_improvement_percent,CI95_low_percent,CI95_high_percent,point_direction,CI_zero_status,effect_with_CI
Notebook 09,paired_block_bootstrap_summary.csv,Ridge,Ridge,15,all,26496,92,0.3185212589666207,0.3294658556975007,-0.0109445967308799,-3.4360647595038327,-4.794128151564976,-2.141505510258756,F4_higher_MAE,below_zero,"-3.436% [-4.794%, -2.142%]"
Notebook 09,paired_block_bootstrap_summary.csv,HGBR,HGBR,15,all,26496,92,0.2653451540258863,0.263828395175731,0.0015167588501552,0.5716173169709803,-0.0673384282395779,1.316336717151645,F4_lower_MAE,crosses_zero,"+0.572% [-0.067%, +1.316%]"
Notebook 10,extra_trees_bootstrap_summary.csv,ExtraTreesRegressor,Extra Trees,15,all,26496,92,0.254847379717058,0.2559088468072565,-0.0010614670901984,-0.4165108903128321,-1.011272848915429,0.1232426377234627,F4_higher_MAE,crosses_zero,"-0.417% [-1.011%, +0.123%]"
Notebook 10,random_forest_bootstrap_summary.csv,RandomForestRegressor,Random Forest,15,all,26496,92,0.2581575201327452,0.258630127937163,-0.0004726078044178,-0.1830695476834483,-0.4795478436495569,0.1006331291067838,F4_higher_MAE,crosses_zero,"-0.183% [-0.480%, +0.101%]"
Notebook 10,xgboost_bootstrap_summary.csv,XGBRegressor,XGBoost,15,all,26496,92,0.2595523297786712,0.2588571012020111,0.0006952285766601,0.2678568045422672,-0.0423464731826958,0.5845998360231011,F4_lower_MAE,crosses_zero,"+0.268% [-0.042%, +0.585%]"
Notebook 10,lightgbm_bootstrap_summary.csv,LGBMRegressor,LightGBM,15,all,26496,92,0.2622114886792914,0.2620568116622411,0.0001546770170502,0.0589894126414217,-0.5865601538058195,0.7526767217022278,F4_lower_MAE,crosses_zero,"+0.059% [-0.587%, +0.753%]"
Notebook 11,lstm_gru_bilstm_tcn_f3_f4_comparison.csv,LSTM,LSTM,15,all,26496,92,,,,-0.8845449795206772,-2.591356,0.800759,F4_higher_MAE,crosses_zero,"-0.885% [-2.591%, +0.801%]"
Notebook 11,lstm_gru_bilstm_tcn_f3_f4_comparison.csv,GRU,GRU,15,all,26496,92,,,,-7.590038590981059,-9.358492845419043,-5.883448754907845,F4_higher_MAE,below_zero,"-7.590% [-9.358%, -5.883%]"
Notebook 11,lstm_gru_bilstm_tcn_f3_f4_comparison.csv,BiLSTM,BiLSTM,15,all,26496,92,,,,1.5433158004338667,-1.1207846592679145,4.145202349432296,F4_lower_MAE,crosses_zero,"+1.543% [-1.121%, +4.145%]"
Notebook 11,lstm_gru_bilstm_tcn_f3_f4_comparison.csv,TCN,TCN,15,all,26496,92,,,,19.94510438423764,14.816505043612576,24.85329234208671,F4_lower_MAE,above_zero,"+19.945% [+14.817%, +24.853%]"
Notebook 09,paired_block_bootstrap_summary.csv,Ridge,Ridge,15,daylight,17851,92,0.4140160892266104,0.4210658359800298,-0.0070497467534194,-1.7027712054834536,-2.430307713326012,-1.0465997993044531,F4_higher_MAE,below_zero,"-1.703% [-2.430%, -1.047%]"
Notebook 09,paired_block_bootstrap_summary.csv,HGBR,HGBR,15,daylight,17851,92,0.3912715005345153,0.3894390211626444,0.0018324793718709,0.4683395977901864,-0.170313136691616,1.2121069477805828,F4_lower_MAE,crosses_zero,"+0.468% [-0.170%, +1.212%]"
Notebook 10,extra_trees_bootstrap_summary.csv,ExtraTreesRegressor,Extra Trees,15,daylight,17851,92,0.3779845776745129,0.3795633132510298,-0.0015787355765169,-0.417671955355917,-1.0222738126986528,0.1367362026294503,F4_higher_MAE,crosses_zero,"-0.418% [-1.022%, +0.137%]"
Notebook 10,random_forest_bootstrap_summary.csv,RandomForestRegressor,Random Forest,15,daylight,17851,92,0.3828949626259298,0.3836013296820223,-0.0007063670560924,-0.1844806343881145,-0.4746050273217723,0.1030430027452693,F4_higher_MAE,crosses_zero,"-0.184% [-0.475%, +0.103%]"
Notebook 10,xgboost_bootstrap_summary.csv,XGBRegressor,XGBoost,15,daylight,17851,92,0.3828915059566498,0.3820237815380096,0.0008677244186401,0.2266240972027148,-0.0891560020611081,0.5501605653316561,F4_lower_MAE,crosses_zero,"+0.227% [-0.089%, +0.550%]"
Notebook 10,lightgbm_bootstrap_summary.csv,LGBMRegressor,LightGBM,15,daylight,17851,92,0.3875842635870116,0.3869328837618073,0.0006513798252043,0.1680614736975946,-0.4834120579056059,0.8461768833421975,F4_lower_MAE,crosses_zero,"+0.168% [-0.483%, +0.846%]"
Notebook 11,lstm_gru_bilstm_tcn_f3_f4_comparison.csv,LSTM,LSTM,15,daylight,17851,92,,,,1.263797,0.040153,2.557423,F4_lower_MAE,above_zero,"+1.264% [+0.040%, +2.557%]"
Notebook 11,lstm_gru_bilstm_tcn_f3_f4_comparison.csv,GRU,GRU,15,daylight,17851,92,,,,-1.2363109315516387,-2.2861288768401677,-0.131478265798402,F4_higher_MAE,below_zero,"-1.236% [-2.286%, -0.131%]"
Notebook 11,lstm_gru_bilstm_tcn_f3_f4_comparison.csv,BiLSTM,BiLSTM,15,daylight,17851,92,,,,-1.707390980529178,-3.845899189707749,0.3179280453099138,F4_higher_MAE,crosses_zero,"-1.707% [-3.846%, +0.318%]"
Notebook 11,lstm_gru_bilstm_tcn_f3_f4_comparison.csv,TCN,TCN,15,daylight,17851,92,,,,18.198193480537565,13.544777425535424,22.702230329481527,F4_lower_MAE,above_zero,"+18.198% [+13.545%, +22.702%]"
Notebook 09,paired_block_bootstrap_summary.csv,Ridge,Ridge,30,all,26496,92,0.4016629624410812,0.420880977761919,-0.0192180153208377,-4.7846122540254905,-6.68935704435121,-3.0069194087794773,F4_higher_MAE,below_zero,"-4.785% [-6.689%, -3.007%]"
Notebook 09,paired_block_bootstrap_summary.csv,HGBR,HGBR,30,all,26496,92,0.3072253361022709,0.3070530298596282,0.0001723062426426,0.0560846461521443,-0.876009686546863,0.9283349849793272,F4_lower_MAE,crosses_zero,"+0.056% [-0.876%, +0.928%]"
Notebook 10,extra_trees_bootstrap_summary.csv,ExtraTreesRegressor,Extra Trees,30,all,26496,92,0.2954678184002589,0.2961738334296049,-0.000706015029346,-0.2389481985444582,-0.9054141877692268,0.4360909165067979,F4_higher_MAE,crosses_zero,"-0.239% [-0.905%, +0.436%]"
Notebook 10,random_forest_bootstrap_summary.csv,RandomForestRegressor,Random Forest,30,all,26496,92,0.2980965705210616,0.2974764550806758,0.0006201154403857,0.2080250166252572,-0.056943768771478,0.4722405276869046,F4_lower_MAE,crosses_zero,"+0.208% [-0.057%, +0.472%]"
Notebook 10,xgboost_bootstrap_summary.csv,XGBRegressor,XGBoost,30,all,26496,92,0.3002588748931885,0.2982659339904785,0.0019929409027099,0.6637408814040593,-0.5363526773955937,2.0663082849445047,F4_lower_MAE,crosses_zero,"+0.664% [-0.536%, +2.066%]"
Notebook 10,lightgbm_bootstrap_summary.csv,LGBMRegressor,LightGBM,30,all,26496,92,0.3024147999973545,0.3006460788261078,0.0017687211712466,0.5848659428249309,0.1632008694270847,1.0601813519841712,F4_lower_MAE,above_zero,"+0.585% [+0.163%, +1.060%]"
Notebook 11,lstm_gru_bilstm_tcn_f3_f4_comparison.csv,LSTM,LSTM,30,all,26496,92,,,,5.797531687852631,3.552636,7.939762,F4_lower_MAE,above_zero,"+5.798% [+3.553%, +7.940%]"
Notebook 11,lstm_gru_bilstm_tcn_f3_f4_comparison.csv,GRU,GRU,30,all,26496,92,,,,-5.464907201284336,-7.8884025579531905,-3.164433357315706,F4_higher_MAE,below_zero,"-5.465% [-7.888%, -3.164%]"
Notebook 11,lstm_gru_bilstm_tcn_f3_f4_comparison.csv,BiLSTM,BiLSTM,30,all,26496,92,,,,8.66441998432006,6.533049272868621,10.831738966498447,F4_lower_MAE,above_zero,"+8.664% [+6.533%, +10.832%]"
Notebook 11,lstm_gru_bilstm_tcn_f3_f4_comparison.csv,TCN,TCN,30,all,26496,92,,,,30.934651793904216,27.937763007491256,33.98193356852792,F4_lower_MAE,above_zero,"+30.935% [+27.938%, +33.982%]"
Notebook 09,paired_block_bootstrap_summary.csv,Ridge,Ridge,30,daylight,17851,92,0.4964344940824959,0.5093754684948084,-0.0129409744123124,-2.606783889227884,-3.742086442538693,-1.5723996114311032,F4_higher_MAE,below_zero,"-2.607% [-3.742%, -1.572%]"
Notebook 09,paired_block_bootstrap_summary.csv,HGBR,HGBR,30,daylight,17851,92,0.4527222573228125,0.4525018376059389,0.0002204197168736,0.0486876254278192,-0.844997319192644,0.9207290641600024,F4_lower_MAE,crosses_zero,"+0.049% [-0.845%, +0.921%]"
Notebook 10,extra_trees_bootstrap_summary.csv,ExtraTreesRegressor,Extra Trees,30,daylight,17851,92,0.4381346855103043,0.4391901169771905,-0.0010554314668861,-0.2408920137552929,-0.9055671199409704,0.4446127436843383,F4_higher_MAE,crosses_zero,"-0.241% [-0.906%, +0.445%]"
Notebook 10,random_forest_bootstrap_summary.csv,RandomForestRegressor,Random Forest,30,daylight,17851,92,0.4420456675328321,0.441127988674632,0.0009176788582001,0.2075982020866647,-0.0573709985723731,0.4673513585773555,F4_lower_MAE,crosses_zero,"+0.208% [-0.057%, +0.467%]"
Notebook 10,xgboost_bootstrap_summary.csv,XGBRegressor,XGBoost,30,daylight,17851,92,0.4442628920078277,0.439192533493042,0.0050703585147857,1.1412968775921148,-0.0760636981219959,2.5519712573512754,F4_lower_MAE,crosses_zero,"+1.141% [-0.076%, +2.552%]"
Notebook 10,lightgbm_bootstrap_summary.csv,LGBMRegressor,LightGBM,30,daylight,17851,92,0.4462399916884505,0.4436752525516472,0.0025647391368032,0.574744349357618,0.1546745252189774,1.057406990986681,F4_lower_MAE,above_zero,"+0.575% [+0.155%, +1.057%]"
Notebook 11,lstm_gru_bilstm_tcn_f3_f4_comparison.csv,LSTM,LSTM,30,daylight,17851,92,,,,4.17485,1.978721,6.174997,F4_lower_MAE,above_zero,"+4.175% [+1.979%, +6.175%]"
Notebook 11,lstm_gru_bilstm_tcn_f3_f4_comparison.csv,GRU,GRU,30,daylight,17851,92,,,,-8.568435149208709,-10.803009509471064,-6.560699314587894,F4_higher_MAE,below_zero,"-8.568% [-10.803%, -6.561%]"
Notebook 11,lstm_gru_bilstm_tcn_f3_f4_comparison.csv,BiLSTM,BiLSTM,30,daylight,17851,92,,,,3.3081690102237027,1.4643504646465662,5.210903727594435,F4_lower_MAE,above_zero,"+3.308% [+1.464%, +5.211%]"
Notebook 11,lstm_gru_bilstm_tcn_f3_f4_comparison.csv,TCN,TCN,30,daylight,17851,92,,,,34.34975798618327,30.976576625978723,37.7932893317619,F4_lower_MAE,above_zero,"+34.350% [+30.977%, +37.793%]"
Notebook 09,paired_block_bootstrap_summary.csv,Ridge,Ridge,60,all,26496,92,0.5274764861570077,0.5627764544294594,-0.0352999682724517,-6.692235426385324,-9.297394887358076,-4.1860239879977374,F4_higher_MAE,below_zero,"-6.692% [-9.297%, -4.186%]"
Notebook 09,paired_block_bootstrap_summary.csv,HGBR,HGBR,60,all,26496,92,0.351776072416766,0.3516459241917781,0.0001301482249878,0.0369974637824898,-1.1720979851064908,1.233894738315286,F4_lower_MAE,crosses_zero,"+0.037% [-1.172%, +1.234%]"
Notebook 10,extra_trees_bootstrap_summary.csv,ExtraTreesRegressor,Extra Trees,60,all,26496,92,0.3389968595292885,0.3389054756345426,9.138389474588891e-05,0.0269571508340163,-0.8412748301715586,0.9530532885970824,F4_lower_MAE,crosses_zero,"+0.027% [-0.841%, +0.953%]"
Notebook 10,random_forest_bootstrap_summary.csv,RandomForestRegressor,Random Forest,60,all,26496,92,0.3410519902646982,0.340608284497558,0.0004437057671401,0.1300991578427018,-0.2835257881631635,0.5524195525242294,F4_lower_MAE,crosses_zero,"+0.130% [-0.284%, +0.552%]"
Notebook 10,xgboost_bootstrap_summary.csv,XGBRegressor,XGBoost,60,all,26496,92,0.3425228893756866,0.3423754274845123,0.0001474618911743,0.043051689609151,-1.2609162653009798,1.456227350839304,F4_lower_MAE,crosses_zero,"+0.043% [-1.261%, +1.456%]"
Notebook 10,lightgbm_bootstrap_summary.csv,LGBMRegressor,LightGBM,60,all,26496,92,0.3433489565862354,0.3431225536881964,0.0002264028980389,0.0659395911057828,-0.5588227459745329,0.7708239470152239,F4_lower_MAE,crosses_zero,"+0.066% [-0.559%, +0.771%]"
Notebook 11,lstm_gru_bilstm_tcn_f3_f4_comparison.csv,LSTM,LSTM,60,all,26496,92,,,,-1.441883489096209,-3.451026,0.566087,F4_higher_MAE,crosses_zero,"-1.442% [-3.451%, +0.566%]"
Notebook 11,lstm_gru_bilstm_tcn_f3_f4_comparison.csv,GRU,GRU,60,all,26496,92,,,,-4.489917102146005,-7.025055005423516,-1.9897626594927744,F4_higher_MAE,below_zero,"-4.490% [-7.025%, -1.990%]"
Notebook 11,lstm_gru_bilstm_tcn_f3_f4_comparison.csv,BiLSTM,BiLSTM,60,all,26496,92,,,,-8.978698338833452,-13.730807723403808,-4.908481465094465,F4_higher_MAE,below_zero,"-8.979% [-13.731%, -4.908%]"
Notebook 11,lstm_gru_bilstm_tcn_f3_f4_comparison.csv,TCN,TCN,60,all,26496,92,,,,-27.474756684243523,-35.73968445443089,-19.78481482494483,F4_higher_MAE,below_zero,"-27.475% [-35.740%, -19.785%]"
Notebook 09,paired_block_bootstrap_summary.csv,Ridge,Ridge,60,daylight,17851,92,0.609239592007947,0.634608365744628,-0.025368773736681,-4.164006093738913,-5.8793729917549244,-2.5277416216291853,F4_higher_MAE,below_zero,"-4.164% [-5.879%, -2.528%]"
Notebook 09,paired_block_bootstrap_summary.csv,HGBR,HGBR,60,daylight,17851,92,0.5182071098727807,0.5178603379550686,0.0003467719177121,0.0669176302496667,-1.0464327118424177,1.1385618571571603,F4_lower_MAE,crosses_zero,"+0.067% [-1.046%, +1.139%]"
Notebook 10,extra_trees_bootstrap_summary.csv,ExtraTreesRegressor,Extra Trees,60,daylight,17851,92,0.5026790051613645,0.5025505733853631,0.0001284317760014,0.025549460924907,-0.8393093882091289,1.010082465118409,F4_lower_MAE,crosses_zero,"+0.026% [-0.839%, +1.010%]"
Notebook 10,random_forest_bootstrap_summary.csv,RandomForestRegressor,Random Forest,60,daylight,17851,92,0.5057282941220477,0.5050672783323901,0.0006610157896576,0.130705716358057,-0.2854422962093312,0.5463388734523603,F4_lower_MAE,crosses_zero,"+0.131% [-0.285%, +0.546%]"
Notebook 10,xgboost_bootstrap_summary.csv,XGBRegressor,XGBoost,60,daylight,17851,92,0.5062393546104431,0.5015261769294739,0.0047131776809692,0.9310176378120744,-0.428051089160659,2.3377226751573628,F4_lower_MAE,crosses_zero,"+0.931% [-0.428%, +2.338%]"
Notebook 10,lightgbm_bootstrap_summary.csv,LGBMRegressor,LightGBM,60,daylight,17851,92,0.5069797727440515,0.5057395974610466,0.0012401752830049,0.2446202688309242,-0.3822561644746746,0.9416452629048152,F4_lower_MAE,crosses_zero,"+0.245% [-0.382%, +0.942%]"
Notebook 11,lstm_gru_bilstm_tcn_f3_f4_comparison.csv,LSTM,LSTM,60,daylight,17851,92,,,,3.449669,1.664418,5.347754,F4_lower_MAE,above_zero,"+3.450% [+1.664%, +5.348%]"
Notebook 11,lstm_gru_bilstm_tcn_f3_f4_comparison.csv,GRU,GRU,60,daylight,17851,92,,,,-5.1032828804731905,-7.317424606699856,-2.9756311451853183,F4_higher_MAE,below_zero,"-5.103% [-7.317%, -2.976%]"
Notebook 11,lstm_gru_bilstm_tcn_f3_f4_comparison.csv,BiLSTM,BiLSTM,60,daylight,17851,92,,,,-6.797675337822823,-10.805270814447685,-3.2562447827044414,F4_higher_MAE,below_zero,"-6.798% [-10.805%, -3.256%]"
Notebook 11,lstm_gru_bilstm_tcn_f3_f4_comparison.csv,TCN,TCN,60,daylight,17851,92,,,,-42.91645228151674,-54.539188070256735,-32.40293831879466,F4_higher_MAE,below_zero,"-42.916% [-54.539%, -32.403%]"
