model,15min,30min,60min
Ridge,-3.4360647595038327,-4.784612254025506,-6.692235426385323
HGBR,0.5716173169710012,0.056084646152144306,0.03699746378250563
Extra Trees,-0.416510890312854,-0.23894819854445823,0.02695715083401638
Random Forest,-0.18306954768344844,0.20802501662527587,0.13009915784271808
XGBoost,0.26785680454224586,0.6637408814040593,0.043051689609151046
LightGBM,0.05898941264144291,0.5848659428249493,0.065939591105799
LSTM,-0.8845449795206602,5.7975316878526435,-1.4418834890962091
GRU,-7.590038590981039,-5.46490720128435,-4.489917102145992
BiLSTM,1.5433158004338847,8.66441998432006,-8.978698338833464
TCN,19.945104384237652,30.934651793904212,-27.474756684243538
