source_notebook,filename,schema_status,column_count,columns
Notebook 09,baseline_results.csv,readable,10,horizon_minutes | split | scope | baseline | n_rows | MAE_kW | RMSE_kW | nMAE_percent | nRMSE_percent | R2
Notebook 09,final_f3_f4_test_summary.csv,readable,6,model | horizon_minutes | scope | F3_MAE_kW | F4_MAE_kW | F3_to_F4_MAE_improvement_percent
Notebook 09,final_test_predictions_15min.csv,readable,15,issue_time_index | issue_time | valid_time | target_P_Solar_kW | Ridge_F0 | Ridge_F1 | Ridge_F2 | Ridge_F3 | Ridge_F4 | HGBR_F0 | HGBR_F1 | HGBR_F2 | HGBR_F3 | HGBR_F4 | daylight
Notebook 09,final_test_predictions_30min.csv,readable,15,issue_time_index | issue_time | valid_time | target_P_Solar_kW | Ridge_F0 | Ridge_F1 | Ridge_F2 | Ridge_F3 | Ridge_F4 | HGBR_F0 | HGBR_F1 | HGBR_F2 | HGBR_F3 | HGBR_F4 | daylight
Notebook 09,final_test_predictions_60min.csv,readable,15,issue_time_index | issue_time | valid_time | target_P_Solar_kW | Ridge_F0 | Ridge_F1 | Ridge_F2 | Ridge_F3 | Ridge_F4 | HGBR_F0 | HGBR_F1 | HGBR_F2 | HGBR_F3 | HGBR_F4 | daylight
Notebook 09,final_test_results.csv,readable,11,model | horizon_minutes | feature_family | scope | n_rows | selected_parameters | MAE_kW | RMSE_kW | nMAE_percent | nRMSE_percent | R2
Notebook 09,frozen_model_selection.csv,readable,5,model | horizon_minutes | feature_family | selected_parameters | validation_MAE_kW
Notebook 09,hgbr_validation_selected.csv,readable,13,horizon_minutes | feature_family | learning_rate | max_leaf_nodes | l2_regularization | max_iter | MAE_kW | RMSE_kW | nMAE_percent | nRMSE_percent | R2 | previous_MAE_kW | incremental_MAE_improvement_percent
Notebook 09,paired_block_bootstrap_summary.csv,readable,13,model | horizon_minutes | scope | n_test_rows | n_daily_blocks | F3_MAE_kW | F4_MAE_kW | delta_MAE_kW | delta_MAE_CI95_lower_kW | delta_MAE_CI95_upper_kW | relative_MAE_change_percent | relative_CI95_lower_percent | relative_CI95_upper_percent
Notebook 09,results_manifest.csv,readable,3,filename | size_bytes | size_kb
Notebook 09,ridge_validation_selected.csv,readable,10,horizon_minutes | feature_family | alpha | MAE_kW | RMSE_kW | nMAE_percent | nRMSE_percent | R2 | previous_MAE_kW | incremental_MAE_improvement_percent
Notebook 10,extra_trees_bootstrap_summary.csv,readable,13,model | horizon_minutes | scope | n_test_rows | n_daily_blocks | F3_MAE_kW | F4_MAE_kW | delta_MAE_kW | delta_MAE_CI95_lower_kW | delta_MAE_CI95_upper_kW | relative_MAE_change_percent | relative_CI95_lower_percent | relative_CI95_upper_percent
Notebook 10,extra_trees_f3_f4_test_summary.csv,readable,7,horizon_minutes | f3_test_mae | f4_test_mae | f3_to_f4_test_improvement_pct | f3_daylight_mae | f4_daylight_mae | f3_to_f4_daylight_improvement_pct
Notebook 10,extra_trees_final_test_results.csv,readable,21,model | horizon_minutes | feature_family | n_features | n_estimators | max_features | min_samples_leaf | max_depth | test_rows | test_mae | test_rmse | test_nmae | test_nrmse | test_r2 | daylight_test_rows | daylight_mae | daylight_rmse | daylight_nmae | daylight_nrmse | daylight_r2 | fit_predict_seconds
Notebook 10,extra_trees_frozen_selection.csv,readable,9,horizon_minutes | feature_family | n_features | n_estimators | max_features | min_samples_leaf | max_depth | validation_mae | validation_rmse
Notebook 10,extra_trees_results_manifest.csv,readable,3,filename | size_bytes | size_kb
Notebook 10,extra_trees_test_predictions_15min.csv,readable,9,issue_time | valid_time | daylight | target_P_Solar_kW | ExtraTrees_F0 | ExtraTrees_F1 | ExtraTrees_F2 | ExtraTrees_F3 | ExtraTrees_F4
Notebook 10,extra_trees_test_predictions_30min.csv,readable,9,issue_time | valid_time | daylight | target_P_Solar_kW | ExtraTrees_F0 | ExtraTrees_F1 | ExtraTrees_F2 | ExtraTrees_F3 | ExtraTrees_F4
Notebook 10,extra_trees_test_predictions_60min.csv,readable,9,issue_time | valid_time | daylight | target_P_Solar_kW | ExtraTrees_F0 | ExtraTrees_F1 | ExtraTrees_F2 | ExtraTrees_F3 | ExtraTrees_F4
Notebook 10,extra_trees_validation_summary.csv,readable,10,horizon_minutes | feature_family | n_features | n_estimators | max_features | min_samples_leaf | max_depth | validation_mae | validation_rmse | incremental_mae_improvement_pct
Notebook 10,lightgbm_bootstrap_summary.csv,readable,15,model | horizon_minutes | scope | n_test_rows | n_daily_blocks | F3_MAE_kW | F4_MAE_kW | delta_MAE_kW | delta_MAE_CI95_lower_kW | delta_MAE_CI95_upper_kW | relative_MAE_change_percent | relative_CI95_lower_percent | relative_CI95_upper_percent | delta_CI_contains_zero | relative_CI_contains_zero
Notebook 10,lightgbm_f3_f4_test_summary.csv,readable,7,horizon_minutes | f3_test_mae | f4_test_mae | f3_to_f4_test_improvement_pct | f3_daylight_mae | f4_daylight_mae | f3_to_f4_daylight_improvement_pct
Notebook 10,lightgbm_final_test_results.csv,readable,24,model | horizon_minutes | feature_family | n_features | n_estimators | learning_rate | num_leaves | subsample | subsample_freq | colsample_bytree | min_child_samples | test_rows | test_mae | test_rmse | test_nmae | test_nrmse | test_r2 | daylight_test_rows | daylight_mae | daylight_rmse | daylight_nmae | daylight_nrmse | daylight_r2 | fit_predict_seconds
Notebook 10,lightgbm_frozen_selection.csv,readable,12,horizon_minutes | feature_family | n_features | n_estimators | learning_rate | num_leaves | subsample | subsample_freq | colsample_bytree | min_child_samples | validation_mae | validation_rmse
Notebook 10,lightgbm_results_manifest.csv,readable,3,filename | size_bytes | sha256
Notebook 10,lightgbm_test_predictions_15min.csv,readable,14,issue_time | valid_time | y_true | daylight | F0_prediction | F0_absolute_error | F1_prediction | F1_absolute_error | F2_prediction | F2_absolute_error | F3_prediction | F3_absolute_error | F4_prediction | F4_absolute_error
Notebook 10,lightgbm_test_predictions_30min.csv,readable,14,issue_time | valid_time | y_true | daylight | F0_prediction | F0_absolute_error | F1_prediction | F1_absolute_error | F2_prediction | F2_absolute_error | F3_prediction | F3_absolute_error | F4_prediction | F4_absolute_error
Notebook 10,lightgbm_test_predictions_60min.csv,readable,14,issue_time | valid_time | y_true | daylight | F0_prediction | F0_absolute_error | F1_prediction | F1_absolute_error | F2_prediction | F2_absolute_error | F3_prediction | F3_absolute_error | F4_prediction | F4_absolute_error
Notebook 10,lightgbm_validation_summary.csv,readable,9,horizon_minutes | feature_family | n_features | n_estimators | learning_rate | num_leaves | validation_mae | validation_rmse | incremental_mae_improvement_pct
Notebook 10,random_forest_bootstrap_summary.csv,readable,18,model | horizon_minutes | population | comparison | positive_means | n_rows | n_day_blocks | n_bootstrap_replicates | bootstrap_seed | f3_mae | f4_mae | absolute_mae_reduction | relative_mae_improvement_pct | absolute_ci_2_5 | absolute_ci_97_5 | relative_ci_2_5_pct | relative_ci_97_5_pct | relative_ci_contains_zero
Notebook 10,random_forest_f3_f4_test_summary.csv,readable,9,horizon_minutes | f3_test_mae | f4_test_mae | all_absolute_mae_reduction | all_relative_mae_improvement_pct | f3_daylight_mae | f4_daylight_mae | daylight_absolute_mae_reduction | daylight_relative_mae_improvement_pct
Notebook 10,random_forest_final_test_results.csv,readable,22,model | horizon_minutes | feature_family | n_features | n_estimators | max_features | min_samples_leaf | max_depth | bootstrap | test_rows | test_mae | test_rmse | test_nmae | test_nrmse | test_r2 | daylight_test_rows | daylight_mae | daylight_rmse | daylight_nmae | daylight_nrmse | daylight_r2 | fit_predict_seconds
Notebook 10,random_forest_frozen_selection.csv,readable,10,horizon_minutes | feature_family | n_features | n_estimators | max_features | min_samples_leaf | max_depth | bootstrap | validation_mae | validation_rmse
Notebook 10,random_forest_results_manifest.csv,readable,3,filename | size_bytes | sha256
Notebook 10,random_forest_test_predictions_15min.csv,readable,14,issue_time | valid_time | y_true | daylight | y_pred_F0 | absolute_error_F0 | y_pred_F1 | absolute_error_F1 | y_pred_F2 | absolute_error_F2 | y_pred_F3 | absolute_error_F3 | y_pred_F4 | absolute_error_F4
Notebook 10,random_forest_test_predictions_30min.csv,readable,14,issue_time | valid_time | y_true | daylight | y_pred_F0 | absolute_error_F0 | y_pred_F1 | absolute_error_F1 | y_pred_F2 | absolute_error_F2 | y_pred_F3 | absolute_error_F3 | y_pred_F4 | absolute_error_F4
Notebook 10,random_forest_test_predictions_60min.csv,readable,14,issue_time | valid_time | y_true | daylight | y_pred_F0 | absolute_error_F0 | y_pred_F1 | absolute_error_F1 | y_pred_F2 | absolute_error_F2 | y_pred_F3 | absolute_error_F3 | y_pred_F4 | absolute_error_F4
Notebook 10,random_forest_validation_summary.csv,readable,10,horizon_minutes | feature_family | n_features | n_estimators | max_features | min_samples_leaf | max_depth | validation_mae | validation_rmse | incremental_mae_improvement_pct
Notebook 10,xgboost_bootstrap_summary.csv,readable,15,model | horizon_minutes | scope | n_test_rows | n_daily_blocks | F3_MAE_kW | F4_MAE_kW | delta_MAE_kW | delta_MAE_CI95_lower_kW | delta_MAE_CI95_upper_kW | relative_MAE_change_percent | relative_CI95_lower_percent | relative_CI95_upper_percent | delta_CI_contains_zero | relative_CI_contains_zero
Notebook 10,xgboost_f3_f4_test_summary.csv,readable,7,horizon_minutes | f3_test_mae | f4_test_mae | f3_to_f4_test_improvement_pct | f3_daylight_mae | f4_daylight_mae | f3_to_f4_daylight_improvement_pct
Notebook 10,xgboost_final_test_results.csv,readable,22,model | horizon_minutes | feature_family | n_features | n_estimators | learning_rate | max_depth | subsample | colsample_bytree | test_rows | test_mae | test_rmse | test_nmae | test_nrmse | test_r2 | daylight_test_rows | daylight_mae | daylight_rmse | daylight_nmae | daylight_nrmse | daylight_r2 | fit_predict_seconds
Notebook 10,xgboost_frozen_selection.csv,readable,10,horizon_minutes | feature_family | n_features | n_estimators | learning_rate | max_depth | subsample | colsample_bytree | validation_mae | validation_rmse
Notebook 10,xgboost_results_manifest.csv,readable,4,artifact_name | file_name | size_bytes | sha256
Notebook 10,xgboost_test_predictions_15min.csv,readable,14,issue_time | valid_time | y_true | daylight | F0_prediction | F0_absolute_error | F1_prediction | F1_absolute_error | F2_prediction | F2_absolute_error | F3_prediction | F3_absolute_error | F4_prediction | F4_absolute_error
Notebook 10,xgboost_test_predictions_30min.csv,readable,14,issue_time | valid_time | y_true | daylight | F0_prediction | F0_absolute_error | F1_prediction | F1_absolute_error | F2_prediction | F2_absolute_error | F3_prediction | F3_absolute_error | F4_prediction | F4_absolute_error
Notebook 10,xgboost_test_predictions_60min.csv,readable,14,issue_time | valid_time | y_true | daylight | F0_prediction | F0_absolute_error | F1_prediction | F1_absolute_error | F2_prediction | F2_absolute_error | F3_prediction | F3_absolute_error | F4_prediction | F4_absolute_error
Notebook 10,xgboost_validation_summary.csv,readable,9,horizon_minutes | feature_family | n_features | n_estimators | learning_rate | max_depth | validation_mae | validation_rmse | incremental_mae_improvement_pct
Notebook 11,notebook11_final_result_matrix.csv,readable,9,model | horizon_minutes | feature_family | frozen_epoch | test_MAE_kW | test_RMSE_kW | test_R2 | n_test | prediction_clipping
Notebook 11,lstm_gru_bilstm_tcn_f3_f4_comparison.csv,readable,8,model | horizon_minutes | scope | F3_to_F4_MAE_improvement_pct | CI95_low_pct | CI95_high_pct | point_direction | CI_zero_status
Notebook 11,lstm_gru_bilstm_tcn_f3_f4_consensus.csv,readable,13,horizon_minutes | scope | models_compared | positive_point_estimate_count | negative_point_estimate_count | zero_point_estimate_count | point_estimate_consensus | all_four_same_point_direction | CI_above_zero_count | CI_below_zero_count | CI_crosses_zero_count | CI_consensus | all_four_CIs_same_side_zero
Notebook 11,notebook11_frozen_epoch_matrix.csv,readable,7,model | horizon_minutes | F0 | F1 | F2 | F3 | F4
Notebook 11,notebook11_publication_f3_f4_table.csv,readable,6,horizon_minutes | scope | LSTM | GRU | BiLSTM | TCN
Notebook 11,notebook11_publication_architecture_summary.csv,readable,7,model | conditions | F4_lower_MAE_point_count | F4_higher_MAE_point_count | CI_above_zero_count | CI_below_zero_count | CI_crosses_zero_count
Notebook 11,notebook11_publication_condition_summary.csv,readable,8,horizon_minutes | scope | positive_point_estimates | negative_point_estimates | CI_above_zero | CI_below_zero | CI_crosses_zero | characterization
