artifact_type,figure_stem,filename,format,bytes
figure,figure_phase1_f3_f4_ci_profile,figure_phase1_f3_f4_ci_profile.pdf,pdf,18779
figure,figure_phase1_f3_f4_ci_profile,figure_phase1_f3_f4_ci_profile.png,png,118220
figure,figure_phase1_f3_f4_ci_profile,figure_phase1_f3_f4_ci_profile.svg,svg,48583
figure,figure_phase1_f3_f4_forest,figure_phase1_f3_f4_forest.pdf,pdf,29412
figure,figure_phase1_f3_f4_forest,figure_phase1_f3_f4_forest.png,png,212118
figure,figure_phase1_f3_f4_forest,figure_phase1_f3_f4_forest.svg,svg,111798
figure,figure_phase1_feature_transition_direction_counts,figure_phase1_feature_transition_direction_counts.pdf,pdf,14185
figure,figure_phase1_feature_transition_direction_counts,figure_phase1_feature_transition_direction_counts.png,png,107529
figure,figure_phase1_feature_transition_direction_counts,figure_phase1_feature_transition_direction_counts.svg,svg,43650
figure,figure_phase1_full_f0_f4_mae_ablation,figure_phase1_full_f0_f4_mae_ablation.pdf,pdf,30769
figure,figure_phase1_full_f0_f4_mae_ablation,figure_phase1_full_f0_f4_mae_ablation.png,png,744184
figure,figure_phase1_full_f0_f4_mae_ablation,figure_phase1_full_f0_f4_mae_ablation.svg,svg,171331
figure_data,figure_f3_f4_ci_profile_data,figure_f3_f4_ci_profile_data.csv,csv,211
figure_data,figure_f3_f4_forest_data,figure_f3_f4_forest_data.csv,csv,5148
figure_data,figure_feature_transition_direction_counts_data,figure_feature_transition_direction_counts_data.csv,csv,303
figure_data,figure_full_f0_f4_mae_ablation_data,figure_full_f0_f4_mae_ablation_data.csv,csv,3181
