model,horizon_minutes,F0,F1,F2,F3,F4
Ridge,15,0.8709187460264316,0.8769298089610268,0.8778962085756754,0.8757437201574951,0.8739523752209489
Ridge,30,0.8260690043882482,0.8408056159733943,0.8434890341542638,0.8377477544015278,0.8328057248874599
Ridge,60,0.7490601504854675,0.7879999852510196,0.7953044368396879,0.7780960471170981,0.763634923965072
HGBR,15,0.8760210264600736,0.8836959579944352,0.8838726031509344,0.8833922764223054,0.8835512150060184
HGBR,30,0.8387369398041589,0.855663272431223,0.8570285143867105,0.856443552040921,0.8547926488119327
HGBR,60,0.7795295674060887,0.8280414609089017,0.8256849892867809,0.8240435938646824,0.8241788831590089
Extra Trees,15,0.8777810648450364,0.8848098821312192,0.8853124323938066,0.8855572693393257,0.8847164606714608
Extra Trees,30,0.8439825302298978,0.8589335242951393,0.8582097495178341,0.8589884653949842,0.8578193643106606
Extra Trees,60,0.792565861643255,0.8307231704857083,0.829878066634342,0.830024423898795,0.8277356124083514
Random Forest,15,0.8787794310119005,0.8854200072803375,0.8852331326373588,0.8850026288317392,0.8847751761244935
Random Forest,30,0.8433853251443589,0.8586129259628383,0.8589715883371741,0.8586369434064867,0.8588682174242123
Random Forest,60,0.7912610095738235,0.8307643758809017,0.829138546931326,0.8282136011849476,0.8285354216378636
XGBoost,15,0.8763928413391113,0.8843123912811279,0.8845523595809937,0.8846967220306396,0.8846881985664368
XGBoost,30,0.8394752740859985,0.8575102090835571,0.8593977093696594,0.8585084676742554,0.8582381010055542
XGBoost,60,0.785389244556427,0.8292951583862305,0.8296195268630981,0.8264665603637695,0.8284600377082825
LightGBM,15,0.8769701504443257,0.8839468246864184,0.8850402530634829,0.8848857028485432,0.8841985378126626
LightGBM,30,0.8416351000580178,0.8568826774800113,0.8578775509545974,0.8577021209767692,0.8579158277456199
LightGBM,60,0.7829142340059506,0.8291925234421381,0.8302699792303995,0.8275698707247295,0.827601509997613
LSTM,15,0.8586767999834416,0.857704370729461,0.8576757597381705,0.8525289764540723,0.8514893940572185
LSTM,30,0.7765789247262949,0.7981506625568651,0.8080754593407121,0.7982168937899733,0.8033630410685271
LSTM,60,0.7261550362914648,0.7252119289571846,0.727371447568755,0.7158375191312072,0.7346342746818502
GRU,15,0.849950451862037,0.8672590151570458,0.8659527991855579,0.8623871286343953,0.8615379914634211
GRU,30,0.8002915476220281,0.8189425449493394,0.8076341949732988,0.8059672617318279,0.7926081764301908
GRU,60,0.7082556853324491,0.7122249472242379,0.7276560547575807,0.7545635542627835,0.7440596950088625
BiLSTM,15,0.8697361877013168,0.8573196848670417,0.8604745195483817,0.8625245856817797,0.8606444569214301
BiLSTM,30,0.7712049916854485,0.8123123099992511,0.8161603235224641,0.8081775575154463,0.8019296471329476
BiLSTM,60,0.705527251137074,0.7273189905149771,0.7312375310475441,0.7367703154048626,0.7270803741068015
TCN,15,0.7467611099118532,0.8557226571891033,0.4295654675376195,0.7092115197400105,0.8083787920770713
TCN,30,0.7989472652127049,0.7807247253979136,0.7835940715291985,0.5424001272034982,0.7773556977751473
TCN,60,0.5702843919518081,0.7688212922315197,-0.0236662556426276,0.7300324599044243,0.4992637084792849
